claim_id,claim,theorem_or_lemma,proof_or_checker,source_or_test,experiment,figure_or_table,raw_result,maturity,fresh_recheck,limitations
C01,Accepted witness replay denotes a legal bounded first-error execution with exactly the reported resources.,lem:replay,paper/sections/semantics.tex; proofs/arguments.md; src/frontier_checker.py; src/checker.py,tests/test_frontier.py; tests/test_certificate.py,all retained phases,fig:gas; fig:pipeline,results/*/details/*.json,proved mathematically; finite checked,87-test suite; clean semantic reproduction,Relative to declared finite semantics; not a proof of Python.
C02,Dense local suffix inequalities lower-bound every legal bounded first-error continuation.,thm:lower,paper/sections/dense.tex; proofs/arguments.md; src/checker.py,local telescoping argument; rejection tests,661 dense cases,none,results/aggregate/metrics.json,proved mathematically; finite checked,dense replay and differential checks,Requires total domain and every primitive havoc successor.
C03,Shifted interval checking is mathematically equivalent to dense checking when neither implementation exhausts its cap.,lem:cover; thm:interval; lem:merge,paper/sections/intervals.tex; proofs/arguments.md; src/interval_checker.py,tests/test_interval.py; tests/test_partitions.py,661 dense/interval cases,fig:intervals,results/*/details/*.json,proved mathematically; finite checked,87-test suite; 661-case replay,Different work caps can yield unknown in one implementation.
C04,The layer recurrence computes the exact Pareto frontier of gas/cost first-error outcomes.,thm:frontier-recurrence,paper/sections/frontier.tex; paper/appendices/proofs.tex; proofs/arguments.md; src/frontier_checker.py,first-edge decomposition; frontier tests,"42,372 micro queries; 661 regressions; 14 stress",fig:frontier-duality,results/tiny-exhaustive/summary.json; results/frontier-aggregate/metrics.json,proved mathematically; finite checked,"complete micro validation across direct frontier, dense, and oracle paths; current regression/stress replay",Finite supplied summaries and declared caps only.
C05,One exact frontier certificate answers the least error cost or bounded safety for every gas budget up to its cap.,thm:all-budget; cor:frontier-result,paper/sections/frontier.tex; proofs/arguments.md; src/frontier_checker.py,threshold-minimum proof; frontier query tests,all frontier phases,fig:frontier-duality,results/frontier-regression/details/*.json; results/frontier-stress/details/*.json,proved mathematically; finite checked,aggregate initial frontiers replayed exactly,Does not answer budgets above the declared cap.
C06,Checker acceptance is sound relative to the declared finite semantics and independently supplied query.,thm:checker-acceptance,paper/sections/frontier.tex; paper/appendices/checker.tex; src/frontier_checker.py,87 unit tests; 21 function-level mutations; 24 bounded-byte consumer cases,mutation study; consumer-boundary study; all frontier phases,fig:pipeline; tab:mutations-a; tab:mutations-b,results/frontier-mutations/summary.json; results/consumer-boundary/summary.json,proved relative to checker algorithm; finite checked,21/21 function-level mutations rejected; 12/12 byte positives accepted; 12/12 byte negatives rejected; all valid retained certs accepted,Checker implementation is not machine verified or independently reimplemented.
C07,Every finite supported query has a canonical exact frontier certificate when executable caps are ignored.,thm:frontier-existence,paper/sections/frontier.tex; paper/appendices/proofs.tex; proofs/arguments.md,finite outcome-set induction and witness derivation,complete micro universe,none,results/tiny-exhaustive/summary.json,proved mathematically; finite checked,"42,372 finite queries constructed and checked",Executable row/work/time/file caps can return unknown.
C08,Exact dense remaining-gas profiles and exact frontiers determine one another.,thm:frontier-profile,paper/sections/frontier.tex; paper/appendices/proofs.tex; proofs/arguments.md,strict-decrease/profile reconstruction tests,frontier regression,fig:frontier-duality,results/frontier-regression/details/*.json,proved mathematically; finite checked,current frontier/oracle replay agrees with 661 retained dense/interval records; nine current stress dense checks accepted,Dense implementation supports only gas <=128.
C09,"With binary gas a step-h row has at most min(G,h)+1 points, and the bound is tight.",thm:width,paper/sections/frontier.tex; paper/appendices/proofs.tex; proofs/arguments.md,gas-value counting; tradeoff-chain construction,four tradeoff stress systems,fig:frontier-widths; tab:width-stress,results/frontier-aggregate/metrics.json,proved mathematically; measured tight family,"widths 9,17,25,33 at h 8,16,24,32",Binary gas assumption is essential to this exact bound.
C10,Exponential path count need not imply a wide certificate.,thm:width (contrast family),paper/sections/frontier.tex; paper/appendices/evaluation-spec.tex; proofs/arguments.md,dominated-chain construction,four dominated stress systems,fig:frontier-widths; tab:width-stress,results/frontier-aggregate/metrics.json,proved construction; measured,all four observed widths are 1,Does not bound candidate work for arbitrary graphs.
C11,"Direct frontier production/checking, dense production/checking, and forward enumeration agree on the complete declared 42,372-query micro universe.",finite exhaustive measurement,src/tiny_exhaustive.py,complete enumerator specification retained,exhaustive micro universe,tab:evaluation-overview,results/tiny-exhaustive/specification.json; results/tiny-exhaustive/strata.csv; results/tiny-exhaustive/summary.json,complete finite check for declared universe,"42,372 agreements; 0 disagreements; function-level calls, not byte-boundary evidence",Not a general proof outside the enumerated syntax and bounds.
C12,Current frontier/checker and oracle results agree with 661 retained dense/interval checker records: 444 optimal and 217 safe.,finite regression measurement,src/frontier_replay.py; src/frontier_analyze.py,nine hand cases; deterministic seeds; complete family; boundary grid,frontier regression,tab:evaluation-overview,results/frontier-regression/raw.csv; results/frontier-regression/summary.json,measured; cross-checked finite evidence,661/661 current frontier/oracle replay; 661 retained dense/interval records explicitly marked historical,Generated/regression inputs are not representative workload evidence.
C13,"Five million-gas cases are checked without expanding the gas dimension; the largest corresponding dense product is 32,768,032,768 cells.",representation measurement,src/frontier_study.py; src/frontier_analyze.py,large-gas stress definitions,frontier stress,tab:large-gas,results/frontier-stress/raw.csv; results/frontier-aggregate/metrics.json,measured frontier run; theoretical dense count,5 dense unknowns by contract; frontier accepted,"The dense product is calculated, not allocated or timed; no runtime speedup claim."
C14,All 21 targeted malformed-certificate mutations are rejected.,checker obligation coverage,src/mutation_study.py; src/frontier_checker.py,one-obligation-at-a-time mutations,mutation study,tab:mutations-a; tab:mutations-b,results/frontier-mutations/summary.json,finite negative testing,21 rejected; 0 accepted,Mutation adequacy is not a formal proof of all implementation behaviors.
C15,Six retained public-source exact quotients match upstream reachability verdicts.,quotient derivations in app:evaluation-spec,src/public_cases.py; src/public_study.py; public README,six retained C files and upstream task metadata,public quotient sanity,tab:public,results/public-summary-cases/raw.csv; results/public-summary-cases/summary.json,source-derived quotient proof plus finite check,6/6 agreement; three safe and three unsafe,"No C parsing, SV-COMP execution, GPS run, or general frontend claim."
C16,"Gas, remaining-step, and register-value erasure can report cost 9 when the exact optimum is 1.",diagnostic counterexamples,paper/sections/integration.tex; paper/appendices/diagnostics.tex; src/bad_search.py,gas-erasure; step-erasure; value-erasure,interval-pilot,fig:gas,results/interval-pilot/details/*-erasure.json,exact finite counterexamples,clean dense/oracle replay,Refutes only those state-erasure rules without a compensating simulation theorem.
C17,The fixed control-only suffix relaxation is admissible/consistent and full-state guided search is optimal when uncapped.,lem:heuristic; thm:astar,paper/sections/integration.tex; proofs/arguments.md; src/producer.py,projection and frontier argument,661 dense cases,none,results/aggregate/metrics.json,proved mathematically; finite checked,guided labels <= UCS on 661 cases,Not evolving GPS summaries or ART refinement.
C18,Bounded optima are nested but do not generally imply unbounded global optima; a stated potential condition is sufficient for a lift.,prop:nesting; prop:undecidable; thm:cutoff,paper/sections/integration.tex; proofs/arguments.md,standard halting reduction; potential telescoping,not empirical,none,not applicable,mathematical boundary; conditional theorem,proof self-audit in main and appendix,No implemented potential producer/checker; no artifact result is lifted.
C19,The complete retained study is reproducible with standard-library Python and exact semantic/count equality.,reproduction contract,reproduce.py; docs/reproduction.md,fresh-directory controller; 87-test suite; bounded consumer replay,all phases,none,docs/reproduction-report.json; docs/unit-test-results.txt,measured clean reproduction,clean standalone replay passed; exact semantic JSON and deterministic-count equality; 87 tests; 12 byte positives and 12 byte negatives,Timing/RSS vary and successful commands do not prove scientific novelty.
C20,The paper is exactly 50 pages with 74 cited references and no unresolved LaTeX references or overfull boxes.,publication build contract,paper/build.py; docs/bibliography-audit.md,citation-key audit; clean LaTeX/BibTeX build,paper build,all paper figures/tables,paper/current.pdf; clean build logs retained outside package,deterministically audited artifact property,final 50-page rebuild passed; 74/74 bibliography audit passed; all 50 pages rendered and visually inspected; final render diff unchanged after identifier repair; PDF preflight and embedded-font checks passed,"Internal target, not an official TOPLAS page limit."
C21,"The contribution is scoped against GPS, planning optimality certificates, and multicriteria shortest paths rather than claiming generic certificate novelty.",sec:related,paper/sections/related-conclusion.tex; docs/literature.md; research-plan.md,primary scholarly records and calibration matrix,literature comparison,none,external_resources.csv,source-supported boundary; priority not guaranteed,74 cited works; 23-work calibration matrix,Independent novelty review and unpublished work remain outside evidence.
C22,"If integer gas charges are bounded by B rather than binary, row width is at most min(G,Bh)+1 and this bound is tight.",prop:integer-gas-width,paper/appendices/proofs.tex,counting argument and explicit layered tightness construction,not implemented or measured,none,not applicable,proved mathematical boundary,proof and scope self-audit,The delivered parser and checker intentionally accept only binary gas; no implementation-extension claim.
