name,url,license,access_date,resource_type,acquisition_method,integration_mode,supported_claim,internals_modified
Software Model Checking via Summary-Guided Search,https://doi.org/10.1145/3763142,Publisher or author rights; bibliographic metadata only; no paper text redistributed,2026-09-16,scholarly publication,Primary DOI/publisher/author record and scholarly text or abstract inspected as applicable,manuscript citation and writing calibration,"Prior art, terminology, theorem context, or evaluation context identified by citation key fang2025gps",no
VeriAbs: Verification by Abstraction and Test Generation,https://doi.org/10.1109/ASE.2019.00121,Publisher or author rights; bibliographic metadata only; no paper text redistributed,2026-09-16,scholarly publication,Primary DOI/publisher/author record and scholarly text or abstract inspected as applicable,manuscript citation only,"Prior art, terminology, theorem context, or evaluation context identified by citation key afzal2019veriabs",no
Whale: An Interpolation-Based Algorithm for Inter-procedural Verification,https://doi.org/10.1007/978-3-642-27940-9_4,Publisher or author rights; bibliographic metadata only; no paper text redistributed,2026-09-16,scholarly publication,Primary DOI/publisher/author record and scholarly text or abstract inspected as applicable,manuscript citation only,"Prior art, terminology, theorem context, or evaluation context identified by citation key albarghouthi2012whale",no
UFO: A Framework for Abstraction- and Interpolation-Based Software Verification,https://doi.org/10.1007/978-3-642-31424-7_48,Publisher or author rights; bibliographic metadata only; no paper text redistributed,2026-09-16,scholarly publication,Primary DOI/publisher/author record and scholarly text or abstract inspected as applicable,manuscript citation only,"Prior art, terminology, theorem context, or evaluation context identified by citation key albarghouthi2012ufo",no
Proofs from Tests,https://doi.org/10.1145/1390630.1390634,Publisher or author rights; bibliographic metadata only; no paper text redistributed,2026-09-16,scholarly publication,Primary DOI/publisher/author record and scholarly text or abstract inspected as applicable,manuscript citation only,"Prior art, terminology, theorem context, or evaluation context identified by citation key beckman2008proofs",no
State of the Art in Software Verification and Witness Validation: SV-COMP 2024,https://doi.org/10.1007/978-3-031-57256-2_15,Publisher or author rights; bibliographic metadata only; no paper text redistributed,2026-09-16,scholarly publication,Primary DOI/publisher/author record and scholarly text or abstract inspected as applicable,manuscript citation only,"Prior art, terminology, theorem context, or evaluation context identified by citation key beyer2024svcomp",no
Software Model Checking via Large-Block Encoding,https://doi.org/10.1109/FMCAD.2009.5351147,Publisher or author rights; bibliographic metadata only; no paper text redistributed,2026-09-16,scholarly publication,Primary DOI/publisher/author record and scholarly text or abstract inspected as applicable,manuscript citation only,"Prior art, terminology, theorem context, or evaluation context identified by citation key beyer2009lbe",no
CPAchecker: A Tool for Configurable Software Verification,https://doi.org/10.1007/978-3-642-22110-1_16,Publisher or author rights; bibliographic metadata only; no paper text redistributed,2026-09-16,scholarly publication,Primary DOI/publisher/author record and scholarly text or abstract inspected as applicable,manuscript citation and writing calibration,"Prior art, terminology, theorem context, or evaluation context identified by citation key beyer2011cpachecker",no
Reliable Benchmarking: Requirements and Solutions,https://doi.org/10.1007/s10009-017-0469-y,Publisher or author rights; bibliographic metadata only; no paper text redistributed,2026-09-16,scholarly publication,Primary DOI/publisher/author record and scholarly text or abstract inspected as applicable,manuscript citation only,"Prior art, terminology, theorem context, or evaluation context identified by citation key beyer2019benchmarking",no
Witness Validation and Stepwise Testification across Software Verifiers,https://doi.org/10.1145/2786805.2786867,Publisher or author rights; bibliographic metadata only; no paper text redistributed,2026-09-16,scholarly publication,Primary DOI/publisher/author record and scholarly text or abstract inspected as applicable,manuscript citation and writing calibration,"Prior art, terminology, theorem context, or evaluation context identified by citation key beyer2015witness",no
Understanding IC3,https://doi.org/10.1007/978-3-642-31612-8_1,Publisher or author rights; bibliographic metadata only; no paper text redistributed,2026-09-16,scholarly publication,Primary DOI/publisher/author record and scholarly text or abstract inspected as applicable,manuscript citation only,"Prior art, terminology, theorem context, or evaluation context identified by citation key bradley2012ic3",no
VeriAbs: A Tool for Scalable Verification by Abstraction,https://doi.org/10.1007/978-3-030-72013-1_32,Publisher or author rights; bibliographic metadata only; no paper text redistributed,2026-09-16,scholarly publication,Primary DOI/publisher/author record and scholarly text or abstract inspected as applicable,manuscript citation only,"Prior art, terminology, theorem context, or evaluation context identified by citation key darke2021veriabs",no
Craig vs. Newton in Software Model Checking,https://doi.org/10.1145/3106237.3106307,Publisher or author rights; bibliographic metadata only; no paper text redistributed,2026-09-16,scholarly publication,Primary DOI/publisher/author record and scholarly text or abstract inspected as applicable,manuscript citation only,"Prior art, terminology, theorem context, or evaluation context identified by citation key dietsch2017craig",no
Compositional Recurrence Analysis,https://doi.org/10.1109/FMCAD.2015.7542253,Publisher or author rights; bibliographic metadata only; no paper text redistributed,2026-09-16,scholarly publication,Primary DOI/publisher/author record and scholarly text or abstract inspected as applicable,manuscript citation only,"Prior art, terminology, theorem context, or evaluation context identified by citation key farzan2015cra",no
The Program Dependence Graph and Its Use in Optimization,https://doi.org/10.1145/24039.24041,Publisher or author rights; bibliographic metadata only; no paper text redistributed,2026-09-16,scholarly publication,Primary DOI/publisher/author record and scholarly text or abstract inspected as applicable,manuscript citation and writing calibration,"Prior art, terminology, theorem context, or evaluation context identified by citation key ferrante1987pdg",no
DART: Directed Automated Random Testing,https://doi.org/10.1145/1065010.1065036,Publisher or author rights; bibliographic metadata only; no paper text redistributed,2026-09-16,scholarly publication,Primary DOI/publisher/author record and scholarly text or abstract inspected as applicable,manuscript citation only,"Prior art, terminology, theorem context, or evaluation context identified by citation key godefroid2005dart",no
Automatic Partial Loop Summarization in Dynamic Test Generation,https://doi.org/10.1145/2001420.2001424,Publisher or author rights; bibliographic metadata only; no paper text redistributed,2026-09-16,scholarly publication,Primary DOI/publisher/author record and scholarly text or abstract inspected as applicable,manuscript citation only,"Prior art, terminology, theorem context, or evaluation context identified by citation key godefroid2011loops",no
Compositional May-Must Program Analysis: Unleashing the Power of Alternation,https://doi.org/10.1145/1706299.1706307,Publisher or author rights; bibliographic metadata only; no paper text redistributed,2026-09-16,scholarly publication,Primary DOI/publisher/author record and scholarly text or abstract inspected as applicable,manuscript citation only,"Prior art, terminology, theorem context, or evaluation context identified by citation key godefroid2010maymust",no
SYNERGY: A New Algorithm for Property Checking,https://doi.org/10.1145/1181775.1181790,Publisher or author rights; bibliographic metadata only; no paper text redistributed,2026-09-16,scholarly publication,Primary DOI/publisher/author record and scholarly text or abstract inspected as applicable,manuscript citation only,"Prior art, terminology, theorem context, or evaluation context identified by citation key gulavani2006synergy",no
K-Induction without Unrolling,https://doi.org/10.23919/FMCAD.2017.8102243,Publisher or author rights; bibliographic metadata only; no paper text redistributed,2026-09-16,scholarly publication,Primary DOI/publisher/author record and scholarly text or abstract inspected as applicable,manuscript citation only,"Prior art, terminology, theorem context, or evaluation context identified by citation key gurfinkel2017kinduction",no
Accelerating Interpolants,https://doi.org/10.1007/978-3-642-33386-6_16,Publisher or author rights; bibliographic metadata only; no paper text redistributed,2026-09-16,scholarly publication,Primary DOI/publisher/author record and scholarly text or abstract inspected as applicable,manuscript citation only,"Prior art, terminology, theorem context, or evaluation context identified by citation key hojjat2012accelerating",no
Compositional Recurrence Analysis Revisited,https://doi.org/10.1145/3062341.3062373,Publisher or author rights; bibliographic metadata only; no paper text redistributed,2026-09-16,scholarly publication,Primary DOI/publisher/author record and scholarly text or abstract inspected as applicable,manuscript citation only,"Prior art, terminology, theorem context, or evaluation context identified by citation key kincaid2017cra",no
Non-linear Reasoning for Invariant Synthesis,https://doi.org/10.1145/3158142,Publisher or author rights; bibliographic metadata only; no paper text redistributed,2026-09-16,scholarly publication,Primary DOI/publisher/author record and scholarly text or abstract inspected as applicable,manuscript citation only,"Prior art, terminology, theorem context, or evaluation context identified by citation key kincaid2017nonlinear",no
Algebraic Program Analysis,https://doi.org/10.1007/978-3-030-81685-8_3,Publisher or author rights; bibliographic metadata only; no paper text redistributed,2026-09-16,scholarly publication,Primary DOI/publisher/author record and scholarly text or abstract inspected as applicable,manuscript citation only,"Prior art, terminology, theorem context, or evaluation context identified by citation key kincaid2021apa",no
SMT-Based Model Checking for Recursive Programs,https://doi.org/10.1007/978-3-319-08867-9_2,Publisher or author rights; bibliographic metadata only; no paper text redistributed,2026-09-16,scholarly publication,Primary DOI/publisher/author record and scholarly text or abstract inspected as applicable,manuscript citation only,"Prior art, terminology, theorem context, or evaluation context identified by citation key komuravelli2014spacer",no
Directed Symbolic Execution,https://doi.org/10.1007/978-3-642-23702-7_11,Publisher or author rights; bibliographic metadata only; no paper text redistributed,2026-09-16,scholarly publication,Primary DOI/publisher/author record and scholarly text or abstract inspected as applicable,manuscript citation only,"Prior art, terminology, theorem context, or evaluation context identified by citation key ma2011directed",no
Hybrid Concolic Testing,https://doi.org/10.1109/ICSE.2007.41,Publisher or author rights; bibliographic metadata only; no paper text redistributed,2026-09-16,scholarly publication,Primary DOI/publisher/author record and scholarly text or abstract inspected as applicable,manuscript citation only,"Prior art, terminology, theorem context, or evaluation context identified by citation key majumdar2007hybrid",no
Lazy Abstraction with Interpolants,https://doi.org/10.1007/11817963_14,Publisher or author rights; bibliographic metadata only; no paper text redistributed,2026-09-16,scholarly publication,Primary DOI/publisher/author record and scholarly text or abstract inspected as applicable,manuscript citation only,"Prior art, terminology, theorem context, or evaluation context identified by citation key mcmillan2006lazy",no
Lazy Annotation for Program Testing and Verification,https://doi.org/10.1007/978-3-642-14295-6_10,Publisher or author rights; bibliographic metadata only; no paper text redistributed,2026-09-16,scholarly publication,Primary DOI/publisher/author record and scholarly text or abstract inspected as applicable,manuscript citation only,"Prior art, terminology, theorem context, or evaluation context identified by citation key mcmillan2010annotation",no
Loop-Extended Symbolic Execution on Binary Programs,https://doi.org/10.1145/1572272.1572299,Publisher or author rights; bibliographic metadata only; no paper text redistributed,2026-09-16,scholarly publication,Primary DOI/publisher/author record and scholarly text or abstract inspected as applicable,manuscript citation only,"Prior art, terminology, theorem context, or evaluation context identified by citation key saxena2009loop",no
CUTE: A Concolic Unit Testing Engine for C,https://doi.org/10.1145/1081706.1081750,Publisher or author rights; bibliographic metadata only; no paper text redistributed,2026-09-16,scholarly publication,Primary DOI/publisher/author record and scholarly text or abstract inspected as applicable,manuscript citation only,"Prior art, terminology, theorem context, or evaluation context identified by citation key sen2005cute",no
Loop Summarization with Rational Vector Addition Systems,https://doi.org/10.1007/978-3-030-25543-5_7,Publisher or author rights; bibliographic metadata only; no paper text redistributed,2026-09-16,scholarly publication,Primary DOI/publisher/author record and scholarly text or abstract inspected as applicable,manuscript citation only,"Prior art, terminology, theorem context, or evaluation context identified by citation key silverman2019rvas",no
Fast Algorithms for Solving Path Problems,https://doi.org/10.1145/322261.322273,Publisher or author rights; bibliographic metadata only; no paper text redistributed,2026-09-16,scholarly publication,Primary DOI/publisher/author record and scholarly text or abstract inspected as applicable,manuscript citation only,"Prior art, terminology, theorem context, or evaluation context identified by citation key tarjan1981path",no
Directed Proof Generation for Machine Code,https://doi.org/10.1007/978-3-642-14295-6_27,Publisher or author rights; bibliographic metadata only; no paper text redistributed,2026-09-16,scholarly publication,Primary DOI/publisher/author record and scholarly text or abstract inspected as applicable,manuscript citation only,"Prior art, terminology, theorem context, or evaluation context identified by citation key thakur2010directed",no
Interpolating Strong Induction,https://doi.org/10.1007/978-3-030-25543-5_21,Publisher or author rights; bibliographic metadata only; no paper text redistributed,2026-09-16,scholarly publication,Primary DOI/publisher/author record and scholarly text or abstract inspected as applicable,manuscript citation only,"Prior art, terminology, theorem context, or evaluation context identified by citation key krishnan2019strong",no
Abstract Interpretation: A Unified Lattice Model for Static Analysis of Programs by Construction or Approximation of Fixpoints,https://doi.org/10.1145/512950.512973,Publisher or author rights; bibliographic metadata only; no paper text redistributed,2026-09-16,scholarly publication,Primary DOI/publisher/author record and scholarly text or abstract inspected as applicable,manuscript citation and writing calibration,"Prior art, terminology, theorem context, or evaluation context identified by citation key cousot1977abstract",no
Automatic Verification of Finite-State Concurrent Systems Using Temporal Logic Specifications,https://doi.org/10.1145/5397.5399,Publisher or author rights; bibliographic metadata only; no paper text redistributed,2026-09-16,scholarly publication,Primary DOI/publisher/author record and scholarly text or abstract inspected as applicable,manuscript citation and writing calibration,"Prior art, terminology, theorem context, or evaluation context identified by citation key clarke1986automatic",no
Model Checking and Abstraction,https://doi.org/10.1145/186025.186051,Publisher or author rights; bibliographic metadata only; no paper text redistributed,2026-09-16,scholarly publication,Primary DOI/publisher/author record and scholarly text or abstract inspected as applicable,manuscript citation and writing calibration,"Prior art, terminology, theorem context, or evaluation context identified by citation key clarke1994abstraction",no
Counterexample-Guided Abstraction Refinement,https://doi.org/10.1007/10722167_15,Publisher or author rights; bibliographic metadata only; no paper text redistributed,2026-09-16,scholarly publication,Primary DOI/publisher/author record and scholarly text or abstract inspected as applicable,manuscript citation and writing calibration,"Prior art, terminology, theorem context, or evaluation context identified by citation key clarke2000cegar",no
Lazy Abstraction,https://doi.org/10.1145/503272.503279,Publisher or author rights; bibliographic metadata only; no paper text redistributed,2026-09-16,scholarly publication,Primary DOI/publisher/author record and scholarly text or abstract inspected as applicable,manuscript citation and writing calibration,"Prior art, terminology, theorem context, or evaluation context identified by citation key henzinger2002lazy",no
Parametric Shape Analysis via 3-Valued Logic,https://doi.org/10.1145/514188.514190,Publisher or author rights; bibliographic metadata only; no paper text redistributed,2026-09-16,scholarly publication,Primary DOI/publisher/author record and scholarly text or abstract inspected as applicable,manuscript citation and writing calibration,"Prior art, terminology, theorem context, or evaluation context identified by citation key sagiv2002shape",no
Weighted Pushdown Systems and Their Application to Interprocedural Dataflow Analysis,https://doi.org/10.1016/j.scico.2005.02.009,Publisher or author rights; bibliographic metadata only; no paper text redistributed,2026-09-16,scholarly publication,Primary DOI/publisher/author record and scholarly text or abstract inspected as applicable,manuscript citation only,"Prior art, terminology, theorem context, or evaluation context identified by citation key reps2005weighted",no
Certifying Model Checkers,https://doi.org/10.1007/3-540-44585-4_2,Publisher or author rights; bibliographic metadata only; no paper text redistributed,2026-09-16,scholarly publication,Primary DOI/publisher/author record and scholarly text or abstract inspected as applicable,manuscript citation only,"Prior art, terminology, theorem context, or evaluation context identified by citation key namjoshi2001certifying",no
Proof-Carrying Code,https://doi.org/10.1145/263699.263712,Publisher or author rights; bibliographic metadata only; no paper text redistributed,2026-09-16,scholarly publication,Primary DOI/publisher/author record and scholarly text or abstract inspected as applicable,manuscript citation and writing calibration,"Prior art, terminology, theorem context, or evaluation context identified by citation key necula1997pcc",no
A Framework for the Verification of Certifying Computations,https://doi.org/10.48550/arXiv.1301.7462,Publisher or author rights; bibliographic metadata only; no paper text redistributed,2026-09-16,scholarly publication,Primary DOI/publisher/author record and scholarly text or abstract inspected as applicable,manuscript citation only,"Prior art, terminology, theorem context, or evaluation context identified by citation key alkassar2013certifying",no
Principles of Model Checking,https://mitpress.mit.edu/9780262026499/principles-of-model-checking/,Publisher or author rights; bibliographic metadata only; no paper text redistributed,2026-09-16,scholarly publication,Primary DOI/publisher/author record and scholarly text or abstract inspected as applicable,manuscript citation only,"Prior art, terminology, theorem context, or evaluation context identified by citation key baier2008principles",no
Model Checking,https://mitpress.mit.edu/9780262032704/model-checking/,Publisher or author rights; bibliographic metadata only; no paper text redistributed,2026-09-16,scholarly publication,Primary DOI/publisher/author record and scholarly text or abstract inspected as applicable,manuscript citation only,"Prior art, terminology, theorem context, or evaluation context identified by citation key clarke1999model",no
Symbolic Model Checking without BDDs,https://doi.org/10.1007/3-540-49059-0_14,Publisher or author rights; bibliographic metadata only; no paper text redistributed,2026-09-16,scholarly publication,Primary DOI/publisher/author record and scholarly text or abstract inspected as applicable,manuscript citation only,"Prior art, terminology, theorem context, or evaluation context identified by citation key biere1999bmc",no
CBMC---C Bounded Model Checker,https://doi.org/10.1007/978-3-642-54862-8_26,Publisher or author rights; bibliographic metadata only; no paper text redistributed,2026-09-16,scholarly publication,Primary DOI/publisher/author record and scholarly text or abstract inspected as applicable,manuscript citation only,"Prior art, terminology, theorem context, or evaluation context identified by citation key kroening2014cbmc",no
The SeaHorn Verification Framework,https://doi.org/10.1007/978-3-319-21690-4_20,Publisher or author rights; bibliographic metadata only; no paper text redistributed,2026-09-16,scholarly publication,Primary DOI/publisher/author record and scholarly text or abstract inspected as applicable,manuscript citation only,"Prior art, terminology, theorem context, or evaluation context identified by citation key gurfinkel2015seahorn",no
The Software Model Checker BLAST,https://doi.org/10.1007/s10009-007-0044-z,Publisher or author rights; bibliographic metadata only; no paper text redistributed,2026-09-16,scholarly publication,Primary DOI/publisher/author record and scholarly text or abstract inspected as applicable,manuscript citation only,"Prior art, terminology, theorem context, or evaluation context identified by citation key beyer2007blast",no
The SLAM Project: Debugging System Software via Static Analysis,https://doi.org/10.1145/503272.503274,Publisher or author rights; bibliographic metadata only; no paper text redistributed,2026-09-16,scholarly publication,Primary DOI/publisher/author record and scholarly text or abstract inspected as applicable,manuscript citation and writing calibration,"Prior art, terminology, theorem context, or evaluation context identified by citation key ball2002slam",no
Optimality Certificates for Classical Planning,https://doi.org/10.1609/icaps.v33i1.27206,Publisher or author rights; bibliographic metadata only; no paper text redistributed,2026-09-16,scholarly publication,Primary DOI/publisher/author record and scholarly text or abstract inspected as applicable,manuscript citation and writing calibration,"Prior art, terminology, theorem context, or evaluation context identified by citation key mugdan2023certificates",no
Unsolvability Certificates for Classical Planning,https://doi.org/10.1609/icaps.v27i1.13818,Publisher or author rights; bibliographic metadata only; no paper text redistributed,2026-09-16,scholarly publication,Primary DOI/publisher/author record and scholarly text or abstract inspected as applicable,manuscript citation only,"Prior art, terminology, theorem context, or evaluation context identified by citation key eriksson2017unsolvability",no
Pseudo-Boolean Proof Logging for Optimal Classical Planning,https://doi.org/10.1609/icaps.v35i1.36101,Publisher or author rights; bibliographic metadata only; no paper text redistributed,2026-09-16,scholarly publication,Primary DOI/publisher/author record and scholarly text or abstract inspected as applicable,manuscript citation and writing calibration,"Prior art, terminology, theorem context, or evaluation context identified by citation key dold2025planning",no
A Formalism for Optimal Search with Dynamic Heuristics,https://doi.org/10.1609/icaps.v35i1.36098,Publisher or author rights; bibliographic metadata only; no paper text redistributed,2026-09-16,scholarly publication,Primary DOI/publisher/author record and scholarly text or abstract inspected as applicable,manuscript citation only,"Prior art, terminology, theorem context, or evaluation context identified by citation key christen2025dynamic",no
Formalization of Lower-Bound Certificates for Optimal Classical Planning,https://isa-afp.org/entries/Lower_Bound_Certificates_Planning.html,Publisher or author rights; bibliographic metadata only; no paper text redistributed,2026-09-16,scholarly publication,Primary DOI/publisher/author record and scholarly text or abstract inspected as applicable,manuscript citation only,"Prior art, terminology, theorem context, or evaluation context identified by citation key traytel2026planning",no
A Note on Two Problems in Connexion with Graphs,https://doi.org/10.1007/BF01386390,Publisher or author rights; bibliographic metadata only; no paper text redistributed,2026-09-16,scholarly publication,Primary DOI/publisher/author record and scholarly text or abstract inspected as applicable,manuscript citation only,"Prior art, terminology, theorem context, or evaluation context identified by citation key dijkstra1959note",no
A Formal Basis for the Heuristic Determination of Minimum Cost Paths,https://doi.org/10.1109/TSSC.1968.300136,Publisher or author rights; bibliographic metadata only; no paper text redistributed,2026-09-16,scholarly publication,Primary DOI/publisher/author record and scholarly text or abstract inspected as applicable,manuscript citation only,"Prior art, terminology, theorem context, or evaluation context identified by citation key hart1968astar",no
A Dual Algorithm for the Constrained Shortest Path Problem,https://doi.org/10.1002/net.3230100403,Publisher or author rights; bibliographic metadata only; no paper text redistributed,2026-09-16,scholarly publication,Primary DOI/publisher/author record and scholarly text or abstract inspected as applicable,manuscript citation only,"Prior art, terminology, theorem context, or evaluation context identified by citation key handler1980constrained",no
On a Multicriteria Shortest Path Problem,https://doi.org/10.1016/0377-2217(84)90077-8,Publisher or author rights; bibliographic metadata only; no paper text redistributed,2026-09-16,scholarly publication,Primary DOI/publisher/author record and scholarly text or abstract inspected as applicable,manuscript citation only,"Prior art, terminology, theorem context, or evaluation context identified by citation key martins1984multicriteria",no
"Approximation of Pareto Optima in Multiple-Objective, Shortest-Path Problems",https://doi.org/10.1287/opre.35.1.70,Publisher or author rights; bibliographic metadata only; no paper text redistributed,2026-09-16,scholarly publication,Primary DOI/publisher/author record and scholarly text or abstract inspected as applicable,manuscript citation only,"Prior art, terminology, theorem context, or evaluation context identified by citation key warburton1987approximation",no
Semiring Frameworks and Algorithms for Shortest-Distance Problems,https://doi.org/10.25596/jalc-2002-321,Publisher or author rights; bibliographic metadata only; no paper text redistributed,2026-09-16,scholarly publication,Primary DOI/publisher/author record and scholarly text or abstract inspected as applicable,manuscript citation only,"Prior art, terminology, theorem context, or evaluation context identified by citation key mohri2002semiring",no
Multicriteria Optimization,https://doi.org/10.1007/3-540-27659-9,Publisher or author rights; bibliographic metadata only; no paper text redistributed,2026-09-16,scholarly publication,Primary DOI/publisher/author record and scholarly text or abstract inspected as applicable,manuscript citation only,"Prior art, terminology, theorem context, or evaluation context identified by citation key ehrgott2005multicriteria",no
What Went Wrong: Explaining Counterexamples,https://doi.org/10.1007/3-540-44829-2_8,Publisher or author rights; bibliographic metadata only; no paper text redistributed,2026-09-16,scholarly publication,Primary DOI/publisher/author record and scholarly text or abstract inspected as applicable,manuscript citation only,"Prior art, terminology, theorem context, or evaluation context identified by citation key groce2003what",no
Counterexamples in Probabilistic Model Checking,https://doi.org/10.1007/978-3-540-71209-1_6,Publisher or author rights; bibliographic metadata only; no paper text redistributed,2026-09-16,scholarly publication,Primary DOI/publisher/author record and scholarly text or abstract inspected as applicable,manuscript citation only,"Prior art, terminology, theorem context, or evaluation context identified by citation key han2007counterexamples",no
Directed Explicit State-Space Search in the Generation of Counterexamples for Stochastic Model Checking,https://doi.org/10.1109/TSE.2009.50,Publisher or author rights; bibliographic metadata only; no paper text redistributed,2026-09-16,scholarly publication,Primary DOI/publisher/author record and scholarly text or abstract inspected as applicable,manuscript citation only,"Prior art, terminology, theorem context, or evaluation context identified by citation key aljazzar2009directed",no
Symmetry and Reduced Symmetry in Model Checking,https://doi.org/10.1145/1011508.1011511,Publisher or author rights; bibliographic metadata only; no paper text redistributed,2026-09-16,scholarly publication,Primary DOI/publisher/author record and scholarly text or abstract inspected as applicable,manuscript citation and writing calibration,"Prior art, terminology, theorem context, or evaluation context identified by citation key sistla2004symmetry",no
Symbolic Model Checking for Event-Driven Real-Time Systems,https://doi.org/10.1145/244795.244803,Publisher or author rights; bibliographic metadata only; no paper text redistributed,2026-09-16,scholarly publication,Primary DOI/publisher/author record and scholarly text or abstract inspected as applicable,manuscript citation and writing calibration,"Prior art, terminology, theorem context, or evaluation context identified by citation key yang1997realtime",no
Cost Analysis of Logic Programs,https://doi.org/10.1145/161468.161472,Publisher or author rights; bibliographic metadata only; no paper text redistributed,2026-09-16,scholarly publication,Primary DOI/publisher/author record and scholarly text or abstract inspected as applicable,manuscript citation and writing calibration,"Prior art, terminology, theorem context, or evaluation context identified by citation key debray1993cost",no
Precise Flow-Insensitive May-Alias Analysis Is NP-Hard,https://doi.org/10.1145/239912.239913,Publisher or author rights; bibliographic metadata only; no paper text redistributed,2026-09-16,scholarly publication,Primary DOI/publisher/author record and scholarly text or abstract inspected as applicable,manuscript citation and writing calibration,"Prior art, terminology, theorem context, or evaluation context identified by citation key horwitz1997alias",no
Bounded Verification of Multi-threaded Programs via Lazy Sequentialization,https://doi.org/10.1145/3478536,Publisher or author rights; bibliographic metadata only; no paper text redistributed,2026-09-16,scholarly publication,Primary DOI/publisher/author record and scholarly text or abstract inspected as applicable,manuscript citation and writing calibration,"Prior art, terminology, theorem context, or evaluation context identified by citation key inverso2022lazy",no
"Satisfiability Modulo Ordering Consistency Theory for SC, TSO, and PSO Memory Models",https://doi.org/10.1145/3579835,Publisher or author rights; bibliographic metadata only; no paper text redistributed,2026-09-16,scholarly publication,Primary DOI/publisher/author record and scholarly text or abstract inspected as applicable,manuscript citation and writing calibration,"Prior art, terminology, theorem context, or evaluation context identified by citation key fan2023ordering",no
Interprocedural Slicing Using Dependence Graphs,https://doi.org/10.1145/77606.77608,Publisher or author rights; bibliographic metadata only; no paper text redistributed,2026-09-16,scholarly publication,Primary DOI/publisher/author record and scholarly text or abstract inspected as applicable,manuscript citation and writing calibration,"Prior art, terminology, theorem context, or evaluation context identified by citation key reps1990slicing",no
GPS extended source,https://arxiv.org/pdf/2508.15137,CC BY-NC-SA 4.0 as displayed upstream; not redistributed,2026-09-16,research article preprint,Primary PDF/HTML substantive sections,closest-work comparison only,"Formula summaries, ART refinement, interpolation, gas refutation-completeness scope",no
Interactive Abstract Interpretation with Demanded Summarization,https://doi.org/10.1145/3648441,Publisher rights; no paper text redistributed,2026-09-16,TOPLAS research article,Primary full-text page sections and author record,writing calibration only,"Recent TOPLAS narrative for summary interface, proofs, implementation, and evaluation",no
An Abstract Model of Certificate Translation,https://doi.org/10.1145/1985342.1985344,Publisher rights; no paper text redistributed,2026-09-16,TOPLAS research article,Primary scholarly record and full-text/abstract inspection,writing calibration only,Certificate transport and semantic-assumption calibration,no
TOPLAS author guide,https://dl.acm.org/journal/toplas/author-guidelines,Official website; not redistributed,2026-09-16,venue rule,Direct live open attempted; access returned 403/error,workflow source only,Live submission contract remains an external-use hold,no
ACM submission templates and workflow,https://www.acm.org/publications/authors/submissions,Official website; not redistributed,2026-09-16,publisher rule,Direct live open attempted; access returned 403/error; supplied current family inspected locally,workflow source and supplied template provenance,Initial-upload mode must be rechecked before external use,no
ACM authorship and generative-AI policy,https://www.acm.org/publications/policies/new-acm-policy-on-authorship,Official website; not redistributed,2026-09-16,publisher policy,Direct page access failed; current May-2026 wording cross-checked through official ACM event pages,workflow source only,Substantive research-lifecycle AI use requires truthful disclosure and author accountability,no
Supplied ACM template assets,https://www.acm.org/publications/authors/submissions,LPPL and upstream notices retained in paper/template-LICENSE.txt,2026-09-16,user-supplied publisher template,Matched attachment extracted and structural files inspected,unmodified paper class and bibliography style,Author-visible acmsmall internal-draft layout,no
SV-Benchmarks loop-acceleration directory,https://github.com/sosy-lab/sv-benchmarks/tree/master/c/loop-acceleration,Per-file BSD-style license retained; repository metadata upstream,2026-09-16,public verification benchmark source,GitHub primary repository inspection,six exact source files retained; no executable baseline code,Public-source provenance and exact quotient sanity cases,no
SV-Benchmarks loop-acceleration license,https://github.com/sosy-lab/sv-benchmarks/blob/master/c/loop-acceleration/LICENSE,BSD-style license text retained exactly,2026-09-16,software/data license,GitHub primary file,retained verbatim beside six source files,Lawful redistribution conditions for retained public source files,no
simple_1-1.c,https://github.com/sosy-lab/sv-benchmarks/blob/master/c/loop-acceleration/simple_1-1.c,BSD-style directory license retained,2026-09-16,public benchmark source file,GitHub primary file fetched and retained,exact source provenance; hand-audited quotient only,Source semantics underlying one public quotient case,no
simple_1-1.yml,https://github.com/sosy-lab/sv-benchmarks/blob/master/c/loop-acceleration/simple_1-1.yml,Repository metadata; not retained,2026-09-16,public benchmark task metadata,GitHub primary file inspected,expected-verdict provenance only,Upstream unreach-call expected verdict for simple_1-1.c,no
simple_1-2.c,https://github.com/sosy-lab/sv-benchmarks/blob/master/c/loop-acceleration/simple_1-2.c,BSD-style directory license retained,2026-09-16,public benchmark source file,GitHub primary file fetched and retained,exact source provenance; hand-audited quotient only,Source semantics underlying one public quotient case,no
simple_1-2.yml,https://github.com/sosy-lab/sv-benchmarks/blob/master/c/loop-acceleration/simple_1-2.yml,Repository metadata; not retained,2026-09-16,public benchmark task metadata,GitHub primary file inspected,expected-verdict provenance only,Upstream unreach-call expected verdict for simple_1-2.c,no
simple_2-1.c,https://github.com/sosy-lab/sv-benchmarks/blob/master/c/loop-acceleration/simple_2-1.c,BSD-style directory license retained,2026-09-16,public benchmark source file,GitHub primary file fetched and retained,exact source provenance; hand-audited quotient only,Source semantics underlying one public quotient case,no
simple_2-1.yml,https://github.com/sosy-lab/sv-benchmarks/blob/master/c/loop-acceleration/simple_2-1.yml,Repository metadata; not retained,2026-09-16,public benchmark task metadata,GitHub primary file inspected,expected-verdict provenance only,Upstream unreach-call expected verdict for simple_2-1.c,no
simple_2-2.c,https://github.com/sosy-lab/sv-benchmarks/blob/master/c/loop-acceleration/simple_2-2.c,BSD-style directory license retained,2026-09-16,public benchmark source file,GitHub primary file fetched and retained,exact source provenance; hand-audited quotient only,Source semantics underlying one public quotient case,no
simple_2-2.yml,https://github.com/sosy-lab/sv-benchmarks/blob/master/c/loop-acceleration/simple_2-2.yml,Repository metadata; not retained,2026-09-16,public benchmark task metadata,GitHub primary file inspected,expected-verdict provenance only,Upstream unreach-call expected verdict for simple_2-2.c,no
simple_3-1.c,https://github.com/sosy-lab/sv-benchmarks/blob/master/c/loop-acceleration/simple_3-1.c,BSD-style directory license retained,2026-09-16,public benchmark source file,GitHub primary file fetched and retained,exact source provenance; hand-audited quotient only,Source semantics underlying one public quotient case,no
simple_3-1.yml,https://github.com/sosy-lab/sv-benchmarks/blob/master/c/loop-acceleration/simple_3-1.yml,Repository metadata; not retained,2026-09-16,public benchmark task metadata,GitHub primary file inspected,expected-verdict provenance only,Upstream unreach-call expected verdict for simple_3-1.c,no
simple_3-2.c,https://github.com/sosy-lab/sv-benchmarks/blob/master/c/loop-acceleration/simple_3-2.c,BSD-style directory license retained,2026-09-16,public benchmark source file,GitHub primary file fetched and retained,exact source provenance; hand-audited quotient only,Source semantics underlying one public quotient case,no
simple_3-2.yml,https://github.com/sosy-lab/sv-benchmarks/blob/master/c/loop-acceleration/simple_3-2.yml,Repository metadata; not retained,2026-09-16,public benchmark task metadata,GitHub primary file inspected,expected-verdict provenance only,Upstream unreach-call expected verdict for simple_3-2.c,no
