id,group,bits,locations,edges,gas,steps,cells,status,cost,oracle_status,oracle_cost,oracle_prefixes,error_traces,segments,certificate_bytes,guided_expanded,ucs_expanded,guide_work,suffix_work,checker_work,producer_cpu_s,checker_cpu_s,oracle_cpu_s,ucs_cpu_s,peak_rss_kib,agreement
gas-erasure,hand-control,1,3,4,1,2,36,optimal_bounded,1,optimal_bounded,1,5,2,22,866,3,4,12,24,24,0.000149212,0.000088821,0.000015042,0.000030555,92972,yes
step-erasure,hand-control,1,4,5,0,2,24,optimal_bounded,1,optimal_bounded,1,6,2,24,1022,3,5,10,20,20,0.000092087,0.000100559,0.000010806,0.000030936,92972,yes
value-erasure,hand-control,1,3,4,0,2,18,optimal_bounded,1,optimal_bounded,1,5,2,18,836,4,4,8,14,14,0.000079368,0.000104575,0.000009343,0.000026349,92972,yes
zero-cycle,hand-control,1,3,3,0,4,30,optimal_bounded,3,optimal_bounded,3,8,3,30,974,5,6,12,24,24,0.000297802,0.000075452,0.000011557,0.000029253,92972,yes
havoc-choice,hand-control,2,3,3,0,2,36,optimal_bounded,2,optimal_bounded,2,7,2,36,1086,6,6,6,42,42,0.000094510,0.000079447,0.000009273,0.000023866,92972,yes
modular-wrap,hand-control,2,3,2,0,2,36,optimal_bounded,2,optimal_bounded,2,3,1,36,1009,3,3,4,10,10,0.000076493,0.000070154,0.000006790,0.000017937,92972,yes
safe-loop,hand-control,1,2,1,0,5,24,safe_bounded,,safe_bounded,,6,0,24,698,0,6,5,10,10,0.000054510,0.000050334,0.000008683,0.000018627,92972,yes
initial-error,hand-control,1,1,0,0,0,2,optimal_bounded,0,optimal_bounded,0,1,1,2,234,1,1,0,0,0,0.000019139,0.000016555,0.000002193,0.000007802,92972,yes
multiple-initials,hand-control,1,2,2,0,1,8,optimal_bounded,2,optimal_bounded,2,4,2,8,504,3,3,2,2,2,0.000041391,0.000060400,0.000006549,0.000018568,92972,yes
generated-0,pilot-generated,2,5,5,1,2,120,safe_bounded,,safe_bounded,,3,0,60,1774,0,3,18,38,38,0.000156111,0.000122342,0.000007491,0.000021852,92972,yes
generated-1,pilot-generated,3,3,9,3,2,288,optimal_bounded,3,optimal_bounded,3,16,3,81,2277,3,3,62,322,322,0.000560161,0.000327296,0.000153828,0.000043014,93100,yes
generated-2,pilot-generated,1,2,2,2,4,60,optimal_bounded,0,optimal_bounded,0,10,4,20,722,3,3,24,24,24,0.000100299,0.000064465,0.000011837,0.000019319,93100,yes
generated-3,pilot-generated,3,3,7,3,4,480,safe_bounded,,safe_bounded,,20,0,120,3110,0,11,104,272,272,0.000556165,0.000351201,0.000039368,0.000043254,93100,yes
generated-4,pilot-generated,2,3,3,3,5,288,optimal_bounded,3,optimal_bounded,3,5,1,72,1745,3,3,55,110,110,0.000301277,0.000184514,0.000009995,0.000021582,93100,yes
generated-5,pilot-generated,3,4,9,0,2,96,safe_bounded,,safe_bounded,,2,0,96,2788,2,2,8,30,30,0.000493293,0.000159026,0.000004627,0.000028953,93100,yes
generated-6,pilot-generated,2,2,4,2,2,72,safe_bounded,,safe_bounded,,15,0,24,941,0,10,18,34,34,0.000110084,0.000079648,0.000019198,0.000034141,93100,yes
generated-7,pilot-generated,1,4,10,0,4,40,optimal_bounded,0,optimal_bounded,0,16,6,40,1715,3,3,24,24,24,0.000142772,0.000096183,0.000021312,0.000116693,93100,yes
generated-8,pilot-generated,2,3,6,0,5,72,safe_bounded,,safe_bounded,,5,0,72,2074,0,5,15,25,25,0.000127920,0.000126988,0.000010545,0.000031546,93100,yes
generated-9,pilot-generated,3,5,10,3,2,480,optimal_bounded,1,optimal_bounded,1,10,2,124,3195,3,5,74,630,630,0.000673099,0.000411180,0.000020770,0.000039809,93100,yes
generated-10,pilot-generated,2,2,5,3,4,160,optimal_bounded,9,optimal_bounded,9,11,3,44,1349,4,6,64,92,92,0.000283421,0.000142932,0.000018137,0.000033891,93100,yes
generated-11,pilot-generated,3,5,12,0,1,80,safe_bounded,,safe_bounded,,2,0,80,2731,0,2,10,41,41,0.000226546,0.000147328,0.000006419,0.000032939,93100,yes
generated-12,pilot-generated,2,5,13,0,2,60,optimal_bounded,1,optimal_bounded,1,3,1,60,2323,3,3,8,14,14,0.000154279,0.000122522,0.000007231,0.000035352,93100,yes
generated-13,pilot-generated,2,4,6,1,5,192,safe_bounded,,safe_bounded,,28,0,101,2621,5,19,40,80,80,0.000278713,0.000188219,0.000035503,0.000050435,93100,yes
generated-14,pilot-generated,3,2,7,3,4,320,optimal_bounded,2,optimal_bounded,2,11,5,80,2193,4,4,104,224,224,0.000412682,0.000276089,0.000021992,0.000033279,93100,yes
generated-15,pilot-generated,1,3,7,2,2,54,optimal_bounded,1,optimal_bounded,1,12,2,18,1083,3,4,34,48,48,0.000222490,0.000082833,0.000014782,0.000032238,93100,yes
generated-16,pilot-generated,2,4,11,0,1,32,safe_bounded,,safe_bounded,,1,0,32,1674,0,1,8,22,22,0.000165005,0.000137855,0.000004357,0.000034221,93100,yes
generated-17,pilot-generated,2,5,10,1,1,80,safe_bounded,,safe_bounded,,6,0,40,1775,0,6,16,31,31,0.000137494,0.000101551,0.000009975,0.000034852,93100,yes
generated-18,pilot-generated,1,3,8,0,2,18,optimal_bounded,8,optimal_bounded,8,7,1,18,1159,3,6,8,10,10,0.000084686,0.000063955,0.000011026,0.000034732,93100,yes
generated-19,pilot-generated,3,2,2,0,5,96,safe_bounded,,safe_bounded,,3,0,96,2191,0,3,5,10,10,0.000127259,0.000133899,0.000006250,0.000019138,93100,yes
generated-20,pilot-generated,2,3,8,1,4,120,safe_bounded,,safe_bounded,,5,0,74,2101,2,5,48,132,132,0.000230432,0.000163292,0.000092658,0.000035653,93100,yes
generated-21,pilot-generated,2,3,8,2,5,216,optimal_bounded,9,optimal_bounded,9,12,1,81,2211,5,10,105,145,145,0.000330620,0.000341087,0.000021221,0.000049132,93100,yes
generated-22,pilot-generated,1,3,3,2,2,54,optimal_bounded,2,optimal_bounded,2,6,3,18,772,3,4,12,16,16,0.000094791,0.000113588,0.000010396,0.000025247,93100,yes
generated-23,pilot-generated,1,4,4,3,2,96,optimal_bounded,3,optimal_bounded,3,3,1,24,963,3,3,30,38,38,0.000140449,0.000317121,0.000006309,0.000025258,93100,yes
