id,group,bits,locations,edges,gas,steps,cells,status,cost,oracle_status,oracle_cost,oracle_prefixes,error_traces,segments,certificate_bytes,guided_expanded,ucs_expanded,guide_work,suffix_work,checker_work,interval_work,interval_cpu_s,producer_cpu_s,checker_cpu_s,oracle_cpu_s,ucs_cpu_s,peak_rss_kib,agreement
family-g0-h0-a0-b0,finite-family,1,4,5,0,0,8,safe_bounded,,safe_bounded,,1,0,8,709,0,1,0,0,0,0,0.000044897,0.000075402,0.000054220,0.000003926,0.000026219,93864,yes
family-g0-h0-a0-b1,finite-family,1,4,5,0,0,8,safe_bounded,,safe_bounded,,1,0,8,709,0,1,0,0,0,0,0.000030716,0.000046129,0.000037605,0.000002934,0.000019319,93864,yes
family-g0-h0-a0-b2,finite-family,1,4,5,0,0,8,safe_bounded,,safe_bounded,,1,0,8,709,0,1,0,0,0,0,0.000028312,0.000041431,0.000036104,0.000002574,0.000018127,93864,yes
family-g0-h0-a0-b3,finite-family,1,4,5,0,0,8,safe_bounded,,safe_bounded,,1,0,8,709,0,1,0,0,0,0,0.000028562,0.000040510,0.000036224,0.000002543,0.000018478,93864,yes
family-g0-h0-a1-b0,finite-family,1,4,5,0,0,8,safe_bounded,,safe_bounded,,1,0,8,709,0,1,0,0,0,0,0.000027661,0.000047130,0.000033279,0.000002453,0.000018147,93864,yes
family-g0-h0-a1-b1,finite-family,1,4,5,0,0,8,safe_bounded,,safe_bounded,,1,0,8,709,0,1,0,0,0,0,0.000026519,0.000043414,0.000032328,0.000002274,0.000017456,93864,yes
family-g0-h0-a1-b2,finite-family,1,4,5,0,0,8,safe_bounded,,safe_bounded,,1,0,8,709,0,1,0,0,0,0,0.000028993,0.000046359,0.000033110,0.000002394,0.000017395,93864,yes
family-g0-h0-a1-b3,finite-family,1,4,5,0,0,8,safe_bounded,,safe_bounded,,1,0,8,709,0,1,0,0,0,0,0.000064485,0.000039739,0.000034921,0.000002583,0.000018488,93864,yes
family-g0-h0-a2-b0,finite-family,1,4,5,0,0,8,safe_bounded,,safe_bounded,,1,0,8,709,0,1,0,0,0,0,0.000029283,0.000044065,0.000034351,0.000002434,0.000018257,93864,yes
family-g0-h0-a2-b1,finite-family,1,4,5,0,0,8,safe_bounded,,safe_bounded,,1,0,8,709,0,1,0,0,0,0,0.000026489,0.000040931,0.000031707,0.000002194,0.000016264,93864,yes
family-g0-h0-a2-b2,finite-family,1,4,5,0,0,8,safe_bounded,,safe_bounded,,1,0,8,709,0,1,0,0,0,0,0.000025829,0.000038007,0.000029894,0.000002033,0.000040159,93864,yes
family-g0-h0-a2-b3,finite-family,1,4,5,0,0,8,safe_bounded,,safe_bounded,,1,0,8,709,0,1,0,0,0,0,0.000027621,0.000040670,0.000030285,0.000002073,0.000016395,93864,yes
family-g0-h0-a3-b0,finite-family,1,4,5,0,0,8,safe_bounded,,safe_bounded,,1,0,8,709,0,1,0,0,0,0,0.000026699,0.000040701,0.000030366,0.000002334,0.000015623,93864,yes
family-g0-h0-a3-b1,finite-family,1,4,5,0,0,8,safe_bounded,,safe_bounded,,1,0,8,709,0,1,0,0,0,0,0.000029734,0.000041722,0.000037366,0.000002344,0.000017947,93864,yes
family-g0-h0-a3-b2,finite-family,1,4,5,0,0,8,safe_bounded,,safe_bounded,,1,0,8,709,0,1,0,0,0,0,0.000026880,0.000040811,0.000031898,0.000002163,0.000016164,93864,yes
family-g0-h0-a3-b3,finite-family,1,4,5,0,0,8,safe_bounded,,safe_bounded,,1,0,8,709,0,1,0,0,0,0,0.000027020,0.000037336,0.000033981,0.000002203,0.000016435,93864,yes
family-g0-h1-a0-b0,finite-family,1,4,5,0,1,16,optimal_bounded,9,optimal_bounded,9,3,1,16,880,2,3,2,4,4,4,0.000057005,0.000080389,0.000077165,0.000009504,0.000025247,93992,yes
family-g0-h1-a0-b1,finite-family,1,4,5,0,1,16,optimal_bounded,9,optimal_bounded,9,3,1,16,880,2,3,2,4,4,4,0.000047820,0.000132967,0.000053259,0.000006630,0.000023915,93992,yes
family-g0-h1-a0-b2,finite-family,1,4,5,0,1,16,optimal_bounded,9,optimal_bounded,9,3,1,16,880,2,3,2,4,4,4,0.000046209,0.000065608,0.000083024,0.000006359,0.000023925,93992,yes
family-g0-h1-a0-b3,finite-family,1,4,5,0,1,16,optimal_bounded,9,optimal_bounded,9,3,1,16,880,2,3,2,4,4,4,0.000045007,0.000063535,0.000050255,0.000005858,0.000023465,93992,yes
family-g0-h1-a1-b0,finite-family,1,4,5,0,1,16,optimal_bounded,9,optimal_bounded,9,3,1,16,880,2,3,2,4,4,4,0.000046990,0.000064015,0.000050795,0.000005969,0.000042593,93992,yes
family-g0-h1-a1-b1,finite-family,1,4,5,0,1,16,optimal_bounded,9,optimal_bounded,9,3,1,16,880,2,3,2,4,4,4,0.000046779,0.000065537,0.000048041,0.000006400,0.000023104,93992,yes
family-g0-h1-a1-b2,finite-family,1,4,5,0,1,16,optimal_bounded,9,optimal_bounded,9,3,1,16,880,2,3,2,4,4,4,0.000045657,0.000061842,0.000050244,0.000006009,0.000022443,93992,yes
family-g0-h1-a1-b3,finite-family,1,4,5,0,1,16,optimal_bounded,9,optimal_bounded,9,3,1,16,880,2,3,2,4,4,4,0.000046419,0.000080650,0.000051978,0.000005989,0.000022783,93992,yes
family-g0-h1-a2-b0,finite-family,1,4,5,0,1,16,optimal_bounded,9,optimal_bounded,9,3,1,16,880,2,3,2,4,4,4,0.000045578,0.000060309,0.000047510,0.000005739,0.000021311,93992,yes
family-g0-h1-a2-b1,finite-family,1,4,5,0,1,16,optimal_bounded,9,optimal_bounded,9,3,1,16,880,2,3,2,4,4,4,0.000065518,0.000062974,0.000046148,0.000005758,0.000022673,93992,yes
family-g0-h1-a2-b2,finite-family,1,4,5,0,1,16,optimal_bounded,9,optimal_bounded,9,3,1,16,880,2,3,2,4,4,4,0.000044326,0.000059879,0.000047270,0.000005338,0.000021281,93992,yes
family-g0-h1-a2-b3,finite-family,1,4,5,0,1,16,optimal_bounded,9,optimal_bounded,9,3,1,16,880,2,3,2,4,4,4,0.000045488,0.000066639,0.000047340,0.000005558,0.000022964,93992,yes
family-g0-h1-a3-b0,finite-family,1,4,5,0,1,16,optimal_bounded,9,optimal_bounded,9,3,1,16,880,2,3,2,4,4,4,0.000045057,0.000068802,0.000047631,0.000005618,0.000022604,93992,yes
family-g0-h1-a3-b1,finite-family,1,4,5,0,1,16,optimal_bounded,9,optimal_bounded,9,3,1,16,880,2,3,2,4,4,4,0.000045458,0.000059709,0.000050635,0.000006019,0.000022854,93992,yes
family-g0-h1-a3-b2,finite-family,1,4,5,0,1,16,optimal_bounded,9,optimal_bounded,9,3,1,16,880,2,3,2,4,4,4,0.000044205,0.000060349,0.000069784,0.000005679,0.000022052,93992,yes
family-g0-h1-a3-b3,finite-family,1,4,5,0,1,16,optimal_bounded,9,optimal_bounded,9,3,1,16,880,2,3,2,4,4,4,0.000045878,0.000060560,0.000045868,0.000005358,0.000021713,93992,yes
family-g0-h2-a0-b0,finite-family,1,4,5,0,2,24,optimal_bounded,9,optimal_bounded,9,3,1,24,1024,2,3,4,8,8,8,0.000062112,0.000077184,0.000062092,0.000006460,0.000024226,93992,yes
family-g0-h2-a0-b1,finite-family,1,4,5,0,2,24,optimal_bounded,9,optimal_bounded,9,3,1,24,1024,2,3,4,8,8,8,0.000059759,0.000077184,0.000061972,0.000006850,0.000023905,93992,yes
family-g0-h2-a0-b2,finite-family,1,4,5,0,2,24,optimal_bounded,9,optimal_bounded,9,3,1,24,1024,2,3,4,8,8,8,0.000057495,0.000077545,0.000059037,0.000006119,0.000022654,93992,yes
family-g0-h2-a0-b3,finite-family,1,4,5,0,2,24,optimal_bounded,9,optimal_bounded,9,3,1,24,1024,2,3,4,8,8,8,0.000057626,0.000076123,0.000059198,0.000006219,0.000022594,93992,yes
family-g0-h2-a1-b0,finite-family,1,4,5,0,2,24,optimal_bounded,9,optimal_bounded,9,3,1,24,1024,2,3,4,8,8,8,0.000058086,0.000071826,0.000061511,0.000006290,0.000023334,93992,yes
family-g0-h2-a1-b1,finite-family,1,4,5,0,2,24,optimal_bounded,9,optimal_bounded,9,3,1,24,1024,2,3,4,8,8,8,0.000057185,0.000082312,0.000059458,0.000006199,0.000023786,93992,yes
family-g0-h2-a1-b2,finite-family,1,4,5,0,2,24,optimal_bounded,9,optimal_bounded,9,3,1,24,1024,2,3,4,8,8,8,0.000057135,0.000077045,0.000059568,0.000006009,0.000022784,93992,yes
family-g0-h2-a1-b3,finite-family,1,4,5,0,2,24,optimal_bounded,9,optimal_bounded,9,3,1,24,1024,2,3,4,8,8,8,0.000056564,0.000081100,0.000058928,0.000006339,0.000023445,93992,yes
family-g0-h2-a2-b0,finite-family,1,4,5,0,2,24,optimal_bounded,9,optimal_bounded,9,3,1,24,1024,2,3,4,8,8,8,0.000058897,0.000076904,0.000057435,0.000006029,0.000023395,93992,yes
family-g0-h2-a2-b1,finite-family,1,4,5,0,2,24,optimal_bounded,9,optimal_bounded,9,3,1,24,1024,2,3,4,8,8,8,0.000058697,0.000076504,0.000060549,0.000006249,0.000023385,93992,yes
family-g0-h2-a2-b2,finite-family,1,4,5,0,2,24,optimal_bounded,9,optimal_bounded,9,3,1,24,1024,2,3,4,8,8,8,0.000058316,0.000072758,0.000061632,0.000006119,0.000023696,93992,yes
family-g0-h2-a2-b3,finite-family,1,4,5,0,2,24,optimal_bounded,9,optimal_bounded,9,3,1,24,1024,2,3,4,8,8,8,0.000059458,0.000081832,0.000064857,0.000006480,0.000024627,93992,yes
family-g0-h2-a3-b0,finite-family,1,4,5,0,2,24,optimal_bounded,9,optimal_bounded,9,3,1,24,1024,2,3,4,8,8,8,0.000056434,0.000073139,0.000058977,0.000006179,0.000022584,93992,yes
family-g0-h2-a3-b1,finite-family,1,4,5,0,2,24,optimal_bounded,9,optimal_bounded,9,3,1,24,1024,2,3,4,8,8,8,0.000059969,0.000074651,0.000085617,0.000006300,0.000024967,93992,yes
family-g0-h2-a3-b2,finite-family,1,4,5,0,2,24,optimal_bounded,9,optimal_bounded,9,3,1,24,1024,2,3,4,8,8,8,0.000056954,0.000077785,0.000059128,0.000006159,0.000139427,93992,yes
family-g0-h2-a3-b3,finite-family,1,4,5,0,2,24,optimal_bounded,9,optimal_bounded,9,3,1,24,1024,2,3,4,8,8,8,0.000062533,0.000077455,0.000071716,0.000007010,0.000026279,93992,yes
family-g0-h3-a0-b0,finite-family,1,4,5,0,3,32,optimal_bounded,9,optimal_bounded,9,3,1,32,1168,2,3,6,12,12,12,0.000071716,0.000092818,0.000072368,0.000006139,0.000023695,93992,yes
family-g0-h3-a0-b1,finite-family,1,4,5,0,3,32,optimal_bounded,9,optimal_bounded,9,3,1,32,1168,2,3,6,12,12,12,0.000070264,0.000118415,0.000070694,0.000006300,0.000023354,93992,yes
family-g0-h3-a0-b2,finite-family,1,4,5,0,3,32,optimal_bounded,9,optimal_bounded,9,3,1,32,1168,2,3,6,12,12,12,0.000070605,0.000091606,0.000072197,0.000006280,0.000023746,93992,yes
family-g0-h3-a0-b3,finite-family,1,4,5,0,3,32,optimal_bounded,9,optimal_bounded,9,3,1,32,1168,2,3,6,12,12,12,0.000069493,0.000111516,0.000068912,0.000005958,0.000022914,93992,yes
family-g0-h3-a1-b0,finite-family,1,4,5,0,3,32,optimal_bounded,9,optimal_bounded,9,3,1,32,1168,2,3,6,12,12,12,0.000068521,0.000089693,0.000067740,0.000005838,0.000022804,93992,yes
family-g0-h3-a1-b1,finite-family,1,4,5,0,3,32,optimal_bounded,9,optimal_bounded,9,3,1,32,1168,2,3,6,12,12,12,0.000073189,0.000093809,0.000075402,0.000006670,0.000025498,93992,yes
family-g0-h3-a1-b2,finite-family,1,4,5,0,3,32,optimal_bounded,9,optimal_bounded,9,3,1,32,1168,2,3,6,12,12,12,0.000068632,0.000086168,0.000068432,0.000006109,0.000022894,93992,yes
family-g0-h3-a1-b3,finite-family,1,4,5,0,3,32,optimal_bounded,9,optimal_bounded,9,3,1,32,1168,2,3,6,12,12,12,0.000067871,0.000090204,0.000068301,0.000005989,0.000023284,93992,yes
family-g0-h3-a2-b0,finite-family,1,4,5,0,3,32,optimal_bounded,9,optimal_bounded,9,3,1,32,1168,2,3,6,12,12,12,0.000067360,0.000083674,0.000067670,0.000005929,0.000022333,93992,yes
family-g0-h3-a2-b1,finite-family,1,4,5,0,3,32,optimal_bounded,9,optimal_bounded,9,3,1,32,1168,2,3,6,12,12,12,0.000070044,0.000179777,0.000071896,0.000006229,0.000023685,93992,yes
family-g0-h3-a2-b2,finite-family,1,4,5,0,3,32,optimal_bounded,9,optimal_bounded,9,3,1,32,1168,2,3,6,12,12,12,0.000068351,0.000086929,0.000069413,0.000005689,0.000022794,93992,yes
family-g0-h3-a2-b3,finite-family,1,4,5,0,3,32,optimal_bounded,9,optimal_bounded,9,3,1,32,1168,2,3,6,12,12,12,0.000068371,0.000094911,0.000069623,0.000005929,0.000023265,93992,yes
family-g0-h3-a3-b0,finite-family,1,4,5,0,3,32,optimal_bounded,9,optimal_bounded,9,3,1,32,1168,2,3,6,12,12,12,0.000070545,0.000084626,0.000068321,0.000006269,0.000022904,93992,yes
family-g0-h3-a3-b1,finite-family,1,4,5,0,3,32,optimal_bounded,9,optimal_bounded,9,3,1,32,1168,2,3,6,12,12,12,0.000070004,0.000109041,0.000069093,0.000006159,0.000023165,93992,yes
family-g0-h3-a3-b2,finite-family,1,4,5,0,3,32,optimal_bounded,9,optimal_bounded,9,3,1,32,1168,2,3,6,12,12,12,0.000068502,0.000088551,0.000068611,0.000006099,0.000027781,93992,yes
family-g0-h3-a3-b3,finite-family,1,4,5,0,3,32,optimal_bounded,9,optimal_bounded,9,3,1,32,1168,2,3,6,12,12,12,0.000068632,0.000106147,0.000073890,0.000006310,0.000024055,93992,yes
family-g0-h4-a0-b0,finite-family,1,4,5,0,4,40,optimal_bounded,9,optimal_bounded,9,3,1,40,1312,2,3,8,16,16,16,0.000084044,0.000100229,0.000083283,0.000006289,0.000025177,93992,yes
family-g0-h4-a0-b1,finite-family,1,4,5,0,4,40,optimal_bounded,9,optimal_bounded,9,3,1,40,1312,2,3,8,16,16,16,0.000084115,0.000098266,0.000080780,0.000006119,0.000023254,94120,yes
family-g0-h4-a0-b2,finite-family,1,4,5,0,4,40,optimal_bounded,9,optimal_bounded,9,3,1,40,1312,2,3,8,16,16,16,0.000081000,0.000096503,0.000081561,0.000006049,0.000042383,94120,yes
family-g0-h4-a0-b3,finite-family,1,4,5,0,4,40,optimal_bounded,9,optimal_bounded,9,3,1,40,1312,2,3,8,16,16,16,0.000083013,0.000095132,0.000079599,0.000006019,0.000022954,94120,yes
family-g0-h4-a1-b0,finite-family,1,4,5,0,4,40,optimal_bounded,9,optimal_bounded,9,3,1,40,1312,2,3,8,16,16,16,0.000108732,0.000094530,0.000078096,0.000006039,0.000041441,94120,yes
family-g0-h4-a1-b1,finite-family,1,4,5,0,4,40,optimal_bounded,9,optimal_bounded,9,3,1,40,1312,2,3,8,16,16,16,0.000081801,0.000100159,0.000079177,0.000005848,0.000022764,94120,yes
family-g0-h4-a1-b2,finite-family,1,4,5,0,4,40,optimal_bounded,9,optimal_bounded,9,3,1,40,1312,2,3,8,16,16,16,0.000104194,0.000094250,0.000079639,0.000006069,0.000022804,94120,yes
family-g0-h4-a1-b3,finite-family,1,4,5,0,4,40,optimal_bounded,9,optimal_bounded,9,3,1,40,1312,2,3,8,16,16,16,0.000079968,0.000099027,0.000078457,0.000006019,0.000022603,94120,yes
family-g0-h4-a2-b0,finite-family,1,4,5,0,4,40,optimal_bounded,9,optimal_bounded,9,3,1,40,1312,2,3,8,16,16,16,0.000080980,0.000098526,0.000099968,0.000005979,0.000023204,94120,yes
family-g0-h4-a2-b1,finite-family,1,4,5,0,4,40,optimal_bounded,9,optimal_bounded,9,3,1,40,1312,2,3,8,16,16,16,0.000082413,0.000099348,0.000082913,0.000006299,0.000024987,94120,yes
family-g0-h4-a2-b2,finite-family,1,4,5,0,4,40,optimal_bounded,9,optimal_bounded,9,3,1,40,1312,2,3,8,16,16,16,0.000079909,0.000119137,0.000079938,0.000006009,0.000023195,94120,yes
family-g0-h4-a2-b3,finite-family,1,4,5,0,4,40,optimal_bounded,9,optimal_bounded,9,3,1,40,1312,2,3,8,16,16,16,0.000080719,0.000096083,0.000078817,0.000005639,0.000022173,94120,yes
family-g0-h4-a3-b0,finite-family,1,4,5,0,4,40,optimal_bounded,9,optimal_bounded,9,3,1,40,1312,2,3,8,16,16,16,0.000082512,0.000126117,0.000083264,0.000006659,0.000023455,94120,yes
family-g0-h4-a3-b1,finite-family,1,4,5,0,4,40,optimal_bounded,9,optimal_bounded,9,3,1,40,1312,2,3,8,16,16,16,0.000082553,0.000096383,0.000079488,0.000006199,0.000023114,94120,yes
family-g0-h4-a3-b2,finite-family,1,4,5,0,4,40,optimal_bounded,9,optimal_bounded,9,3,1,40,1312,2,3,8,16,16,16,0.000081281,0.000101862,0.000078787,0.000006710,0.000022844,94120,yes
family-g0-h4-a3-b3,finite-family,1,4,5,0,4,40,optimal_bounded,9,optimal_bounded,9,3,1,40,1312,2,3,8,16,16,16,0.000081711,0.000097124,0.000079047,0.000005879,0.000022934,94120,yes
family-g1-h0-a0-b0,finite-family,1,4,5,1,0,16,safe_bounded,,safe_bounded,,1,0,8,709,0,1,0,0,0,0,0.000027601,0.000047971,0.000033490,0.000002333,0.000017286,94120,yes
family-g1-h0-a0-b1,finite-family,1,4,5,1,0,16,safe_bounded,,safe_bounded,,1,0,8,709,0,1,0,0,0,0,0.000026760,0.000046509,0.000032778,0.000002294,0.000016184,94120,yes
family-g1-h0-a0-b2,finite-family,1,4,5,1,0,16,safe_bounded,,safe_bounded,,1,0,8,709,0,1,0,0,0,0,0.000025598,0.000042453,0.000036344,0.000002203,0.000017105,94120,yes
family-g1-h0-a0-b3,finite-family,1,4,5,1,0,16,safe_bounded,,safe_bounded,,1,0,8,709,0,1,0,0,0,0,0.000027120,0.000045197,0.000036625,0.000002384,0.000016905,94120,yes
family-g1-h0-a1-b0,finite-family,1,4,5,1,0,16,safe_bounded,,safe_bounded,,1,0,8,709,0,1,0,0,0,0,0.000027551,0.000042844,0.000035212,0.000002284,0.000017275,94120,yes
family-g1-h0-a1-b1,finite-family,1,4,5,1,0,16,safe_bounded,,safe_bounded,,1,0,8,709,0,1,0,0,0,0,0.000064816,0.000041692,0.000031547,0.000002294,0.000016143,94120,yes
family-g1-h0-a1-b2,finite-family,1,4,5,1,0,16,safe_bounded,,safe_bounded,,1,0,8,709,0,1,0,0,0,0,0.000025408,0.000044185,0.000030866,0.000002043,0.000015633,94120,yes
family-g1-h0-a1-b3,finite-family,1,4,5,1,0,16,safe_bounded,,safe_bounded,,1,0,8,709,0,1,0,0,0,0,0.000025398,0.000042774,0.000030946,0.000002223,0.000015373,94120,yes
family-g1-h0-a2-b0,finite-family,1,4,5,1,0,16,safe_bounded,,safe_bounded,,1,0,8,709,0,1,0,0,0,0,0.000028632,0.000041852,0.000037336,0.000002373,0.000016925,94120,yes
family-g1-h0-a2-b1,finite-family,1,4,5,1,0,16,safe_bounded,,safe_bounded,,1,0,8,709,0,1,0,0,0,0,0.000026810,0.000046810,0.000033539,0.000002284,0.000016494,94120,yes
family-g1-h0-a2-b2,finite-family,1,4,5,1,0,16,safe_bounded,,safe_bounded,,1,0,8,709,0,1,0,0,0,0,0.000025678,0.000042824,0.000031106,0.000002114,0.000015103,94120,yes
family-g1-h0-a2-b3,finite-family,1,4,5,1,0,16,safe_bounded,,safe_bounded,,1,0,8,709,0,1,0,0,0,0,0.000026800,0.000041321,0.000033650,0.000002293,0.000016324,94120,yes
family-g1-h0-a3-b0,finite-family,1,4,5,1,0,16,safe_bounded,,safe_bounded,,1,0,8,709,0,1,0,0,0,0,0.000025378,0.000043985,0.000031006,0.000002073,0.000024026,94120,yes
family-g1-h0-a3-b1,finite-family,1,4,5,1,0,16,safe_bounded,,safe_bounded,,1,0,8,709,0,1,0,0,0,0,0.000029013,0.000051016,0.000040470,0.000002554,0.000018197,94120,yes
family-g1-h0-a3-b2,finite-family,1,4,5,1,0,16,safe_bounded,,safe_bounded,,1,0,8,709,0,1,0,0,0,0,0.000027170,0.000047520,0.000034502,0.000002394,0.000016866,94120,yes
family-g1-h0-a3-b3,finite-family,1,4,5,1,0,16,safe_bounded,,safe_bounded,,1,0,8,709,0,1,0,0,0,0,0.000027481,0.000050114,0.000034651,0.000002234,0.000016825,94120,yes
family-g1-h1-a0-b0,finite-family,1,4,5,1,1,32,optimal_bounded,9,optimal_bounded,9,4,1,18,896,2,4,7,14,14,10,0.000052899,0.000109753,0.000061231,0.000007391,0.000025518,94120,yes
family-g1-h1-a0-b1,finite-family,1,4,5,1,1,32,optimal_bounded,9,optimal_bounded,9,4,1,18,896,2,4,7,14,14,10,0.000049273,0.000080108,0.000056394,0.000006660,0.000023134,94120,yes
family-g1-h1-a0-b2,finite-family,1,4,5,1,1,32,optimal_bounded,9,optimal_bounded,9,4,1,18,896,2,4,7,14,14,10,0.000050324,0.000076604,0.000058917,0.000006509,0.000024747,94120,yes
family-g1-h1-a0-b3,finite-family,1,4,5,1,1,32,optimal_bounded,9,optimal_bounded,9,4,1,18,896,2,4,7,14,14,10,0.000049554,0.000078706,0.000055372,0.000006560,0.000022633,94120,yes
family-g1-h1-a1-b0,finite-family,1,4,5,1,1,32,optimal_bounded,9,optimal_bounded,9,4,1,18,896,2,4,7,14,14,10,0.000049254,0.000077054,0.000057505,0.000006609,0.000023515,94120,yes
family-g1-h1-a1-b1,finite-family,1,4,5,1,1,32,optimal_bounded,9,optimal_bounded,9,4,1,18,896,2,4,7,14,14,10,0.000049604,0.000082733,0.000055442,0.000006269,0.000022414,94120,yes
family-g1-h1-a1-b2,finite-family,1,4,5,1,1,32,optimal_bounded,9,optimal_bounded,9,4,1,18,896,2,4,7,14,14,10,0.000047961,0.000076814,0.000053399,0.000005999,0.000021713,94120,yes
family-g1-h1-a1-b3,finite-family,1,4,5,1,1,32,optimal_bounded,9,optimal_bounded,9,4,1,18,896,2,4,7,14,14,10,0.000048992,0.000096864,0.000058006,0.000006199,0.000022754,94120,yes
family-g1-h1-a2-b0,finite-family,1,4,5,1,1,32,optimal_bounded,9,optimal_bounded,9,4,1,18,896,2,4,7,14,14,10,0.000049223,0.000081772,0.000054441,0.000006149,0.000023415,94120,yes
family-g1-h1-a2-b1,finite-family,1,4,5,1,1,32,optimal_bounded,9,optimal_bounded,9,4,1,18,896,2,4,7,14,14,10,0.000049854,0.000097304,0.000060590,0.000006550,0.000022814,94120,yes
family-g1-h1-a2-b2,finite-family,1,4,5,1,1,32,optimal_bounded,9,optimal_bounded,9,4,1,18,896,2,4,7,14,14,10,0.000049754,0.000079818,0.000054741,0.000005879,0.000022143,94120,yes
family-g1-h1-a2-b3,finite-family,1,4,5,1,1,32,optimal_bounded,9,optimal_bounded,9,4,1,18,896,2,4,7,14,14,10,0.000048091,0.000076793,0.000056354,0.000006410,0.000022814,94120,yes
family-g1-h1-a3-b0,finite-family,1,4,5,1,1,32,optimal_bounded,9,optimal_bounded,9,4,1,18,896,2,4,7,14,14,10,0.000047751,0.000077075,0.000052978,0.000005889,0.000021312,94120,yes
family-g1-h1-a3-b1,finite-family,1,4,5,1,1,32,optimal_bounded,9,optimal_bounded,9,4,1,18,896,2,4,7,14,14,10,0.000047390,0.000074861,0.000052128,0.000005669,0.000021692,94120,yes
family-g1-h1-a3-b2,finite-family,1,4,5,1,1,32,optimal_bounded,9,optimal_bounded,9,4,1,18,896,2,4,7,14,14,10,0.000047711,0.000078136,0.000053389,0.000006119,0.000022093,94120,yes
family-g1-h1-a3-b3,finite-family,1,4,5,1,1,32,optimal_bounded,9,optimal_bounded,9,4,1,18,896,2,4,7,14,14,10,0.000051787,0.000078016,0.000119848,0.000007291,0.000025939,94120,yes
family-g1-h2-a0-b0,finite-family,1,4,5,1,2,48,optimal_bounded,0,optimal_bounded,0,5,2,24,1028,3,4,14,28,28,20,0.000065537,0.000113939,0.000073199,0.000008483,0.000026018,94120,yes
family-g1-h2-a0-b1,finite-family,1,4,5,1,2,48,optimal_bounded,1,optimal_bounded,1,5,2,24,1028,3,4,14,28,28,20,0.000068963,0.000257262,0.000086669,0.000008983,0.000029764,94120,yes
family-g1-h2-a0-b2,finite-family,1,4,5,1,2,48,optimal_bounded,2,optimal_bounded,2,5,2,24,1028,3,4,14,28,28,20,0.000066579,0.000109042,0.000073018,0.000008222,0.000025608,94120,yes
family-g1-h2-a0-b3,finite-family,1,4,5,1,2,48,optimal_bounded,3,optimal_bounded,3,5,2,24,1028,3,4,14,28,28,20,0.000064425,0.000128060,0.000073529,0.000008403,0.000025898,94120,yes
family-g1-h2-a1-b0,finite-family,1,4,5,1,2,48,optimal_bounded,1,optimal_bounded,1,5,2,28,1060,3,4,14,28,28,22,0.000068902,0.000104114,0.000073219,0.000008032,0.000025818,94120,yes
family-g1-h2-a1-b1,finite-family,1,4,5,1,2,48,optimal_bounded,2,optimal_bounded,2,5,2,28,1060,3,4,14,28,28,22,0.000073539,0.000124224,0.000145095,0.000008443,0.000027241,94120,yes
family-g1-h2-a1-b2,finite-family,1,4,5,1,2,48,optimal_bounded,3,optimal_bounded,3,5,2,28,1060,3,4,14,28,28,22,0.000068131,0.000114279,0.000073079,0.000008022,0.000025648,94120,yes
family-g1-h2-a1-b3,finite-family,1,4,5,1,2,48,optimal_bounded,4,optimal_bounded,4,5,2,28,1060,3,4,14,28,28,22,0.000067990,0.000111546,0.000072497,0.000008262,0.000025528,94120,yes
family-g1-h2-a2-b0,finite-family,1,4,5,1,2,48,optimal_bounded,2,optimal_bounded,2,5,2,28,1060,3,4,14,28,28,22,0.000085797,0.000111706,0.000121060,0.000008002,0.000027510,94120,yes
family-g1-h2-a2-b1,finite-family,1,4,5,1,2,48,optimal_bounded,3,optimal_bounded,3,5,2,28,1060,3,4,14,28,28,22,0.000069313,0.000105687,0.000073379,0.000007661,0.000025508,94120,yes
family-g1-h2-a2-b2,finite-family,1,4,5,1,2,48,optimal_bounded,4,optimal_bounded,4,5,2,28,1060,3,4,14,28,28,22,0.000088972,0.000104506,0.000071206,0.000007411,0.000024466,94120,yes
family-g1-h2-a2-b3,finite-family,1,4,5,1,2,48,optimal_bounded,5,optimal_bounded,5,5,2,28,1060,3,4,14,28,28,22,0.000069974,0.000104885,0.000076844,0.000007761,0.000026650,94120,yes
family-g1-h2-a3-b0,finite-family,1,4,5,1,2,48,optimal_bounded,3,optimal_bounded,3,5,2,28,1060,3,4,14,28,28,22,0.000066809,0.000103934,0.000095061,0.000008062,0.000024777,94120,yes
family-g1-h2-a3-b1,finite-family,1,4,5,1,2,48,optimal_bounded,4,optimal_bounded,4,5,2,28,1060,3,4,14,28,28,22,0.000069403,0.000219295,0.000077155,0.000008603,0.000031327,94120,yes
family-g1-h2-a3-b2,finite-family,1,4,5,1,2,48,optimal_bounded,5,optimal_bounded,5,5,2,28,1060,3,4,14,28,28,22,0.000073950,0.000120439,0.000149222,0.000009274,0.000029033,94120,yes
family-g1-h2-a3-b3,finite-family,1,4,5,1,2,48,optimal_bounded,6,optimal_bounded,6,5,2,28,1060,3,4,14,28,28,22,0.000070685,0.000178635,0.000075972,0.000008733,0.000027331,94120,yes
family-g1-h3-a0-b0,finite-family,1,4,5,1,3,64,optimal_bounded,0,optimal_bounded,0,5,2,32,1172,3,4,21,42,42,30,0.000081661,0.000132657,0.000088040,0.000008162,0.000026309,94120,yes
family-g1-h3-a0-b1,finite-family,1,4,5,1,3,64,optimal_bounded,1,optimal_bounded,1,5,2,32,1172,3,4,21,42,42,30,0.000079037,0.000153888,0.000086589,0.000008132,0.000024226,94120,yes
family-g1-h3-a0-b2,finite-family,1,4,5,1,3,64,optimal_bounded,2,optimal_bounded,2,5,2,32,1172,3,4,21,42,42,30,0.000082232,0.000131896,0.000087469,0.000008323,0.000025908,94120,yes
family-g1-h3-a0-b3,finite-family,1,4,5,1,3,64,optimal_bounded,3,optimal_bounded,3,5,2,32,1172,3,4,21,42,42,30,0.000079268,0.000129592,0.000085758,0.000007992,0.000024536,94120,yes
family-g1-h3-a1-b0,finite-family,1,4,5,1,3,64,optimal_bounded,1,optimal_bounded,1,5,2,38,1220,3,4,21,42,42,34,0.000103684,0.000124145,0.000093028,0.000007972,0.000026349,94120,yes
family-g1-h3-a1-b1,finite-family,1,4,5,1,3,64,optimal_bounded,2,optimal_bounded,2,5,2,38,1220,3,4,21,42,42,34,0.000084506,0.000127489,0.000103794,0.000008182,0.000026399,94120,yes
family-g1-h3-a1-b2,finite-family,1,4,5,1,3,64,optimal_bounded,3,optimal_bounded,3,5,2,38,1220,3,4,21,42,42,34,0.000085226,0.000197713,0.000093539,0.000008082,0.000025889,94120,yes
family-g1-h3-a1-b3,finite-family,1,4,5,1,3,64,optimal_bounded,4,optimal_bounded,4,5,2,38,1220,3,4,21,42,42,34,0.000084546,0.000131536,0.000090234,0.000008262,0.000050415,94120,yes
family-g1-h3-a2-b0,finite-family,1,4,5,1,3,64,optimal_bounded,2,optimal_bounded,2,5,2,38,1220,3,4,21,42,42,34,0.000085547,0.000128180,0.000088741,0.000008222,0.000025258,94248,yes
family-g1-h3-a2-b1,finite-family,1,4,5,1,3,64,optimal_bounded,3,optimal_bounded,3,5,2,38,1220,3,4,21,42,42,34,0.000109132,0.000125596,0.000087300,0.000007881,0.000024517,94248,yes
family-g1-h3-a2-b2,finite-family,1,4,5,1,3,64,optimal_bounded,4,optimal_bounded,4,5,2,38,1220,3,4,21,42,42,34,0.000083664,0.000125887,0.000088482,0.000007581,0.000024076,94248,yes
family-g1-h3-a2-b3,finite-family,1,4,5,1,3,64,optimal_bounded,5,optimal_bounded,5,5,2,38,1220,3,4,21,42,42,34,0.000085437,0.000135492,0.000091696,0.000008323,0.000025878,94248,yes
family-g1-h3-a3-b0,finite-family,1,4,5,1,3,64,optimal_bounded,3,optimal_bounded,3,5,2,38,1220,3,4,21,42,42,34,0.000084285,0.000128961,0.000089153,0.000008102,0.000026039,94248,yes
family-g1-h3-a3-b1,finite-family,1,4,5,1,3,64,optimal_bounded,4,optimal_bounded,4,5,2,38,1220,3,4,21,42,42,34,0.000083705,0.000152336,0.000089262,0.000007862,0.000024998,94248,yes
family-g1-h3-a3-b2,finite-family,1,4,5,1,3,64,optimal_bounded,5,optimal_bounded,5,5,2,38,1220,3,4,21,42,42,34,0.000092748,0.000195500,0.000101180,0.000010015,0.000030556,94248,yes
family-g1-h3-a3-b3,finite-family,1,4,5,1,3,64,optimal_bounded,6,optimal_bounded,6,5,2,38,1220,3,4,21,42,42,34,0.000112476,0.000138906,0.000096313,0.000009224,0.000028763,94248,yes
family-g1-h4-a0-b0,finite-family,1,4,5,1,4,80,optimal_bounded,0,optimal_bounded,0,5,2,40,1316,3,4,28,56,56,40,0.000105997,0.000158345,0.000253526,0.000009684,0.000029985,94248,yes
family-g1-h4-a0-b1,finite-family,1,4,5,1,4,80,optimal_bounded,1,optimal_bounded,1,5,2,40,1316,3,4,28,56,56,40,0.000479371,0.000157694,0.000170873,0.000032388,0.000036283,94248,yes
family-g1-h4-a0-b2,finite-family,1,4,5,1,4,80,optimal_bounded,2,optimal_bounded,2,5,2,40,1316,3,4,28,56,56,40,0.000097695,0.000159006,0.000104155,0.000008814,0.000027060,94248,yes
family-g1-h4-a0-b3,finite-family,1,4,5,1,4,80,optimal_bounded,3,optimal_bounded,3,5,2,40,1316,3,4,28,56,56,40,0.000099237,0.000180848,0.000176182,0.000008923,0.000028823,94248,yes
family-g1-h4-a1-b0,finite-family,1,4,5,1,4,80,optimal_bounded,1,optimal_bounded,1,5,2,48,1380,3,4,28,56,56,46,0.000120679,0.000158766,0.000341267,0.000012759,0.000029814,94248,yes
family-g1-h4-a1-b1,finite-family,1,4,5,1,4,80,optimal_bounded,2,optimal_bounded,2,5,2,48,1380,3,4,28,56,56,46,0.000137735,0.000158765,0.000106828,0.000008713,0.000027070,94248,yes
family-g1-h4-a1-b2,finite-family,1,4,5,1,4,80,optimal_bounded,3,optimal_bounded,3,5,2,48,1380,3,4,28,56,56,46,0.000142802,0.000168650,0.000110564,0.000008903,0.000050755,94248,yes
family-g1-h4-a1-b3,finite-family,1,4,5,1,4,80,optimal_bounded,4,optimal_bounded,4,5,2,48,1380,3,4,28,56,56,46,0.000103203,0.000155842,0.000105576,0.000008152,0.000025969,94248,yes
family-g1-h4-a2-b0,finite-family,1,4,5,1,4,80,optimal_bounded,2,optimal_bounded,2,5,2,48,1380,3,4,28,56,56,46,0.000100690,0.000158485,0.000106949,0.000007922,0.000025708,94248,yes
family-g1-h4-a2-b1,finite-family,1,4,5,1,4,80,optimal_bounded,3,optimal_bounded,3,5,2,48,1380,3,4,28,56,56,46,0.000132557,0.000152887,0.000184193,0.000008873,0.000028222,94248,yes
family-g1-h4-a2-b2,finite-family,1,4,5,1,4,80,optimal_bounded,4,optimal_bounded,4,5,2,48,1380,3,4,28,56,56,46,0.000104605,0.000155270,0.000110304,0.000008493,0.000027201,94248,yes
family-g1-h4-a2-b3,finite-family,1,4,5,1,4,80,optimal_bounded,5,optimal_bounded,5,5,2,48,1380,3,4,28,56,56,46,0.000103454,0.000221699,0.000109392,0.000008413,0.000026830,94248,yes
family-g1-h4-a3-b0,finite-family,1,4,5,1,4,80,optimal_bounded,3,optimal_bounded,3,5,2,48,1380,3,4,28,56,56,46,0.000101240,0.000158496,0.000141921,0.000008402,0.000026930,94248,yes
family-g1-h4-a3-b1,finite-family,1,4,5,1,4,80,optimal_bounded,4,optimal_bounded,4,5,2,48,1380,3,4,28,56,56,46,0.000348296,0.000152256,0.000115101,0.000009013,0.000030355,94248,yes
family-g1-h4-a3-b2,finite-family,1,4,5,1,4,80,optimal_bounded,5,optimal_bounded,5,5,2,48,1380,3,4,28,56,56,46,0.000101261,0.000159066,0.000106929,0.000008272,0.000025528,94248,yes
family-g1-h4-a3-b3,finite-family,1,4,5,1,4,80,optimal_bounded,6,optimal_bounded,6,5,2,48,1380,3,4,28,56,56,46,0.000103874,0.000159928,0.000107790,0.000008072,0.000025237,94248,yes
family-g2-h0-a0-b0,finite-family,1,4,5,2,0,24,safe_bounded,,safe_bounded,,1,0,8,709,0,1,0,0,0,0,0.000027511,0.000048452,0.000035302,0.000002444,0.000016184,94248,yes
family-g2-h0-a0-b1,finite-family,1,4,5,2,0,24,safe_bounded,,safe_bounded,,1,0,8,709,0,1,0,0,0,0,0.000027571,0.000050255,0.000034742,0.000002233,0.000016805,94248,yes
family-g2-h0-a0-b2,finite-family,1,4,5,2,0,24,safe_bounded,,safe_bounded,,1,0,8,709,0,1,0,0,0,0,0.000031207,0.000102503,0.000106929,0.000002594,0.000019719,94248,yes
family-g2-h0-a0-b3,finite-family,1,4,5,2,0,24,safe_bounded,,safe_bounded,,1,0,8,709,0,1,0,0,0,0,0.000031446,0.000076423,0.000043104,0.000003055,0.000020531,94248,yes
family-g2-h0-a1-b0,finite-family,1,4,5,2,0,24,safe_bounded,,safe_bounded,,1,0,8,709,0,1,0,0,0,0,0.000026890,0.000046990,0.000034932,0.000002294,0.000016544,94248,yes
family-g2-h0-a1-b1,finite-family,1,4,5,2,0,24,safe_bounded,,safe_bounded,,1,0,8,709,0,1,0,0,0,0,0.000071466,0.000059328,0.000036754,0.000002864,0.000018458,94248,yes
family-g2-h0-a1-b2,finite-family,1,4,5,2,0,24,safe_bounded,,safe_bounded,,1,0,8,709,0,1,0,0,0,0,0.000029234,0.000050214,0.000037225,0.000002494,0.000018127,94248,yes
family-g2-h0-a1-b3,finite-family,1,4,5,2,0,24,safe_bounded,,safe_bounded,,1,0,8,709,0,1,0,0,0,0,0.000026499,0.000047671,0.000033810,0.000002113,0.000015924,94248,yes
family-g2-h0-a2-b0,finite-family,1,4,5,2,0,24,safe_bounded,,safe_bounded,,1,0,8,709,0,1,0,0,0,0,0.000027010,0.000050575,0.000055292,0.000002244,0.000017145,94248,yes
family-g2-h0-a2-b1,finite-family,1,4,5,2,0,24,safe_bounded,,safe_bounded,,1,0,8,709,0,1,0,0,0,0,0.000028482,0.000046549,0.000033520,0.000002043,0.000015893,94248,yes
family-g2-h0-a2-b2,finite-family,1,4,5,2,0,24,safe_bounded,,safe_bounded,,1,0,8,709,0,1,0,0,0,0,0.000027080,0.000044646,0.000036364,0.000002234,0.000016604,94248,yes
family-g2-h0-a2-b3,finite-family,1,4,5,2,0,24,safe_bounded,,safe_bounded,,1,0,8,709,0,1,0,0,0,0,0.000046519,0.000047982,0.000033880,0.000002304,0.000016434,94248,yes
family-g2-h0-a3-b0,finite-family,1,4,5,2,0,24,safe_bounded,,safe_bounded,,1,0,8,709,0,1,0,0,0,0,0.000026008,0.000044346,0.000031817,0.000002083,0.000016013,94248,yes
family-g2-h0-a3-b1,finite-family,1,4,5,2,0,24,safe_bounded,,safe_bounded,,1,0,8,709,0,1,0,0,0,0,0.000027281,0.000048883,0.000036945,0.000002353,0.000016935,94248,yes
family-g2-h0-a3-b2,finite-family,1,4,5,2,0,24,safe_bounded,,safe_bounded,,1,0,8,709,0,1,0,0,0,0,0.000026039,0.000067810,0.000034271,0.000002153,0.000016194,94248,yes
family-g2-h0-a3-b3,finite-family,1,4,5,2,0,24,safe_bounded,,safe_bounded,,1,0,8,709,0,1,0,0,0,0,0.000026369,0.000047861,0.000032418,0.000002103,0.000015683,94248,yes
family-g2-h1-a0-b0,finite-family,1,4,5,2,1,48,optimal_bounded,9,optimal_bounded,9,4,1,18,896,2,4,12,24,24,10,0.000050005,0.000097314,0.000061371,0.000007281,0.000023064,94248,yes
family-g2-h1-a0-b1,finite-family,1,4,5,2,1,48,optimal_bounded,9,optimal_bounded,9,4,1,18,896,2,4,12,24,24,10,0.000051256,0.000098156,0.000063524,0.000006900,0.000024156,94248,yes
family-g2-h1-a0-b2,finite-family,1,4,5,2,1,48,optimal_bounded,9,optimal_bounded,9,4,1,18,896,2,4,12,24,24,10,0.000050525,0.000092417,0.000062983,0.000006559,0.000023124,94248,yes
family-g2-h1-a0-b3,finite-family,1,4,5,2,1,48,optimal_bounded,9,optimal_bounded,9,4,1,18,896,2,4,12,24,24,10,0.000050365,0.000114090,0.000061671,0.000006430,0.000022824,94248,yes
family-g2-h1-a1-b0,finite-family,1,4,5,2,1,48,optimal_bounded,9,optimal_bounded,9,4,1,18,896,2,4,12,24,24,10,0.000049995,0.000096494,0.000063024,0.000006850,0.000023895,94248,yes
family-g2-h1-a1-b1,finite-family,1,4,5,2,1,48,optimal_bounded,9,optimal_bounded,9,4,1,18,896,2,4,12,24,24,10,0.000050094,0.000092828,0.000062052,0.000006530,0.000023835,94248,yes
family-g2-h1-a1-b2,finite-family,1,4,5,2,1,48,optimal_bounded,9,optimal_bounded,9,4,1,18,896,2,4,12,24,24,10,0.000052508,0.000175861,0.000063634,0.000012178,0.000154810,94248,yes
family-g2-h1-a1-b3,finite-family,1,4,5,2,1,48,optimal_bounded,9,optimal_bounded,9,4,1,18,896,2,4,12,24,24,10,0.000052047,0.000104175,0.000065858,0.000006881,0.000024727,94248,yes
family-g2-h1-a2-b0,finite-family,1,4,5,2,1,48,optimal_bounded,9,optimal_bounded,9,4,1,18,896,2,4,12,24,24,10,0.000069844,0.000093538,0.000064035,0.000006560,0.000024366,94248,yes
family-g2-h1-a2-b1,finite-family,1,4,5,2,1,48,optimal_bounded,9,optimal_bounded,9,4,1,18,896,2,4,12,24,24,10,0.000049273,0.000093659,0.000061271,0.000006560,0.000022082,94248,yes
family-g2-h1-a2-b2,finite-family,1,4,5,2,1,48,optimal_bounded,9,optimal_bounded,9,4,1,18,896,2,4,12,24,24,10,0.000119408,0.000091205,0.000065387,0.000006650,0.000024667,94248,yes
family-g2-h1-a2-b3,finite-family,1,4,5,2,1,48,optimal_bounded,9,optimal_bounded,9,4,1,18,896,2,4,12,24,24,10,0.000050305,0.000098206,0.000061531,0.000006540,0.000022653,94248,yes
family-g2-h1-a3-b0,finite-family,1,4,5,2,1,48,optimal_bounded,9,optimal_bounded,9,4,1,18,896,2,4,12,24,24,10,0.000051947,0.000097014,0.000061482,0.000012078,0.000110584,94248,yes
family-g2-h1-a3-b1,finite-family,1,4,5,2,1,48,optimal_bounded,9,optimal_bounded,9,4,1,18,896,2,4,12,24,24,10,0.000050375,0.000101351,0.000063134,0.000006620,0.000023715,94248,yes
family-g2-h1-a3-b2,finite-family,1,4,5,2,1,48,optimal_bounded,9,optimal_bounded,9,4,1,18,896,2,4,12,24,24,10,0.000087129,0.000098866,0.000087680,0.000006340,0.000024546,94248,yes
family-g2-h1-a3-b3,finite-family,1,4,5,2,1,48,optimal_bounded,9,optimal_bounded,9,4,1,18,896,2,4,12,24,24,10,0.000051907,0.000096103,0.000065637,0.000006820,0.000023925,94248,yes
family-g2-h2-a0-b0,finite-family,1,4,5,2,2,72,optimal_bounded,0,optimal_bounded,0,6,2,24,1028,3,5,24,48,48,20,0.000088641,0.000133638,0.000082092,0.000008863,0.000026670,94248,yes
family-g2-h2-a0-b1,finite-family,1,4,5,2,2,72,optimal_bounded,1,optimal_bounded,1,6,2,24,1028,3,5,24,48,48,20,0.000068622,0.000130463,0.000086629,0.000009374,0.000027791,94248,yes
family-g2-h2-a0-b2,finite-family,1,4,5,2,2,72,optimal_bounded,2,optimal_bounded,2,6,2,24,1028,3,5,24,48,48,20,0.000064846,0.000156242,0.000082152,0.000008874,0.000031667,94248,yes
family-g2-h2-a0-b3,finite-family,1,4,5,2,2,72,optimal_bounded,3,optimal_bounded,3,6,2,24,1028,3,5,24,48,48,20,0.000064686,0.000137254,0.000081030,0.000009134,0.000026930,94248,yes
family-g2-h2-a1-b0,finite-family,1,4,5,2,2,72,optimal_bounded,1,optimal_bounded,1,6,2,30,1076,3,5,24,48,48,24,0.000077465,0.000140819,0.000275018,0.000009354,0.000029915,94248,yes
family-g2-h2-a1-b1,finite-family,1,4,5,2,2,72,optimal_bounded,2,optimal_bounded,2,6,2,30,1076,3,5,24,48,48,24,0.000070665,0.000192396,0.000087209,0.000008963,0.000027912,94248,yes
family-g2-h2-a1-b2,finite-family,1,4,5,2,2,72,optimal_bounded,3,optimal_bounded,3,6,2,30,1076,3,5,24,48,48,24,0.000069223,0.000132647,0.000086118,0.000008333,0.000026359,94248,yes
family-g2-h2-a1-b3,finite-family,1,4,5,2,2,72,optimal_bounded,4,optimal_bounded,4,6,2,30,1076,3,5,24,48,48,24,0.000072537,0.000213987,0.000091075,0.000010014,0.000030585,94248,yes
family-g2-h2-a2-b0,finite-family,1,4,5,2,2,72,optimal_bounded,2,optimal_bounded,2,6,2,30,1076,3,5,24,48,48,24,0.000248779,0.000395066,0.000094080,0.000009705,0.000031747,94248,yes
family-g2-h2-a2-b1,finite-family,1,4,5,2,2,72,optimal_bounded,3,optimal_bounded,3,6,2,30,1076,3,5,24,48,48,24,0.000076153,0.000271553,0.000226406,0.000010115,0.000032128,94248,yes
family-g2-h2-a2-b2,finite-family,1,4,5,2,2,72,optimal_bounded,4,optimal_bounded,4,6,2,30,1076,3,5,24,48,48,24,0.000073369,0.000173818,0.000154659,0.000009625,0.000029273,94248,yes
family-g2-h2-a2-b3,finite-family,1,4,5,2,2,72,optimal_bounded,5,optimal_bounded,5,6,2,30,1076,3,5,24,48,48,24,0.000074080,0.000180818,0.000092568,0.000009474,0.000029735,94248,yes
family-g2-h2-a3-b0,finite-family,1,4,5,2,2,72,optimal_bounded,3,optimal_bounded,3,6,2,30,1076,3,5,24,48,48,24,0.000076423,0.000135491,0.000205885,0.000009624,0.000030285,94248,yes
family-g2-h2-a3-b1,finite-family,1,4,5,2,2,72,optimal_bounded,4,optimal_bounded,4,6,2,30,1076,3,5,24,48,48,24,0.000070695,0.000138015,0.000085556,0.000008913,0.000026530,94248,yes
family-g2-h2-a3-b2,finite-family,1,4,5,2,2,72,optimal_bounded,5,optimal_bounded,5,6,2,30,1076,3,5,24,48,48,24,0.000072337,0.000388787,0.000090764,0.000009234,0.000030125,94248,yes
family-g2-h2-a3-b3,finite-family,1,4,5,2,2,72,optimal_bounded,6,optimal_bounded,6,6,2,30,1076,3,5,24,48,48,24,0.000072096,0.000137924,0.000088732,0.000009233,0.000028522,94248,yes
family-g2-h3-a0-b0,finite-family,1,4,5,2,3,96,optimal_bounded,0,optimal_bounded,0,6,2,32,1172,3,5,36,72,72,30,0.000083043,0.000178795,0.000109752,0.000009394,0.000070905,94248,yes
family-g2-h3-a0-b1,finite-family,1,4,5,2,3,96,optimal_bounded,1,optimal_bounded,1,6,2,32,1172,3,5,36,72,72,30,0.000081681,0.000177964,0.000103363,0.000009244,0.000027631,94248,yes
family-g2-h3-a0-b2,finite-family,1,4,5,2,3,96,optimal_bounded,2,optimal_bounded,2,6,2,32,1172,3,5,36,72,72,30,0.000081171,0.000211985,0.000103283,0.000008733,0.000026770,94248,yes
family-g2-h3-a0-b3,finite-family,1,4,5,2,3,96,optimal_bounded,3,optimal_bounded,3,6,2,32,1172,3,5,36,72,72,30,0.000082573,0.000171575,0.000189141,0.000009123,0.000029344,94248,yes
family-g2-h3-a1-b0,finite-family,1,4,5,2,3,96,optimal_bounded,1,optimal_bounded,1,6,2,42,1252,3,5,36,72,72,38,0.003069525,0.000170774,0.000109392,0.000013330,0.000038808,94376,yes
family-g2-h3-a1-b1,finite-family,1,4,5,2,3,96,optimal_bounded,2,optimal_bounded,2,6,2,42,1252,3,5,36,72,72,38,0.000091937,0.000188680,0.000115912,0.000010365,0.000030685,94376,yes
family-g2-h3-a1-b2,finite-family,1,4,5,2,3,96,optimal_bounded,3,optimal_bounded,3,6,2,42,1252,3,5,36,72,72,38,0.000091916,0.000281557,0.000111505,0.000009644,0.000029614,94376,yes
family-g2-h3-a1-b3,finite-family,1,4,5,2,3,96,optimal_bounded,4,optimal_bounded,4,6,2,42,1252,3,5,36,72,72,38,0.000099227,0.000174890,0.000135912,0.000009915,0.000031958,94376,yes
family-g2-h3-a2-b0,finite-family,1,4,5,2,3,96,optimal_bounded,2,optimal_bounded,2,6,2,42,1252,3,5,36,72,72,38,0.000089232,0.000173528,0.000111686,0.000037295,0.000030966,94376,yes
family-g2-h3-a2-b1,finite-family,1,4,5,2,3,96,optimal_bounded,3,optimal_bounded,3,6,2,42,1252,3,5,36,72,72,38,0.000091706,0.000169321,0.000111846,0.000009444,0.000035923,94376,yes
family-g2-h3-a2-b2,finite-family,1,4,5,2,3,96,optimal_bounded,4,optimal_bounded,4,6,2,42,1252,3,5,36,72,72,38,0.000091917,0.000184323,0.000109903,0.000009684,0.000028933,94376,yes
family-g2-h3-a2-b3,finite-family,1,4,5,2,3,96,optimal_bounded,5,optimal_bounded,5,6,2,42,1252,3,5,36,72,72,38,0.000093509,0.000184063,0.000116723,0.000009434,0.000029744,94376,yes
family-g2-h3-a3-b0,finite-family,1,4,5,2,3,96,optimal_bounded,3,optimal_bounded,3,6,2,42,1252,3,5,36,72,72,38,0.000091506,0.000208549,0.000182801,0.000009895,0.000030425,94376,yes
family-g2-h3-a3-b1,finite-family,1,4,5,2,3,96,optimal_bounded,4,optimal_bounded,4,6,2,42,1252,3,5,36,72,72,38,0.000090003,0.000244663,0.000141871,0.000009644,0.000029244,94376,yes
family-g2-h3-a3-b2,finite-family,1,4,5,2,3,96,optimal_bounded,5,optimal_bounded,5,6,2,42,1252,3,5,36,72,72,38,0.000180217,0.000180909,0.000110894,0.000010085,0.000030345,94376,yes
family-g2-h3-a3-b3,finite-family,1,4,5,2,3,96,optimal_bounded,6,optimal_bounded,6,6,2,42,1252,3,5,36,72,72,38,0.000089233,0.000172606,0.000114430,0.000009324,0.000028422,94376,yes
family-g2-h4-a0-b0,finite-family,1,4,5,2,4,120,optimal_bounded,0,optimal_bounded,0,6,2,40,1316,3,5,48,96,96,40,0.000100189,0.000213967,0.000190022,0.000009224,0.000030015,94376,yes
family-g2-h4-a0-b1,finite-family,1,4,5,2,4,120,optimal_bounded,1,optimal_bounded,1,6,2,40,1316,3,5,48,96,96,40,0.000180868,0.000239155,0.000190293,0.000010305,0.000030696,94376,yes
family-g2-h4-a0-b2,finite-family,1,4,5,2,4,120,optimal_bounded,2,optimal_bounded,2,6,2,40,1316,3,5,48,96,96,40,0.000099037,0.000206847,0.000195200,0.000009764,0.000031137,94376,yes
family-g2-h4-a0-b3,finite-family,1,4,5,2,4,120,optimal_bounded,3,optimal_bounded,3,6,2,40,1316,3,5,48,96,96,40,0.000098777,0.000205405,0.000215449,0.000009354,0.000030696,94376,yes
family-g2-h4-a1-b0,finite-family,1,4,5,2,4,120,optimal_bounded,1,optimal_bounded,1,6,2,54,1428,3,5,48,96,96,52,0.000325723,0.000207238,0.000128380,0.000010686,0.000035252,94376,yes
family-g2-h4-a1-b1,finite-family,1,4,5,2,4,120,optimal_bounded,2,optimal_bounded,2,6,2,54,1428,3,5,48,96,96,52,0.000106668,0.000209411,0.000129072,0.000009644,0.000028012,94376,yes
family-g2-h4-a1-b2,finite-family,1,4,5,2,4,120,optimal_bounded,3,optimal_bounded,3,6,2,54,1428,3,5,48,96,96,52,0.000146758,0.000267076,0.000429928,0.000010155,0.000031126,94376,yes
family-g2-h4-a1-b3,finite-family,1,4,5,2,4,120,optimal_bounded,4,optimal_bounded,4,6,2,54,1428,3,5,48,96,96,52,0.000107910,0.000263951,0.000135481,0.000061381,0.000052298,94376,yes
family-g2-h4-a2-b0,finite-family,1,4,5,2,4,120,optimal_bounded,2,optimal_bounded,2,6,2,54,1428,3,5,48,96,96,52,0.000106108,0.000210372,0.000129852,0.000008823,0.000028152,94376,yes
family-g2-h4-a2-b1,finite-family,1,4,5,2,4,120,optimal_bounded,3,optimal_bounded,3,6,2,54,1428,3,5,48,96,96,52,0.000108921,0.000225595,0.000136222,0.000009224,0.000028873,94376,yes
family-g2-h4-a2-b2,finite-family,1,4,5,2,4,120,optimal_bounded,4,optimal_bounded,4,6,2,54,1428,3,5,48,96,96,52,0.000110244,0.000210211,0.000186327,0.000008853,0.000028583,94376,yes
family-g2-h4-a2-b3,finite-family,1,4,5,2,4,120,optimal_bounded,5,optimal_bounded,5,6,2,54,1428,3,5,48,96,96,52,0.000138726,0.000201019,0.000127349,0.000008883,0.000028722,94376,yes
family-g2-h4-a3-b0,finite-family,1,4,5,2,4,120,optimal_bounded,3,optimal_bounded,3,6,2,54,1428,3,5,48,96,96,52,0.000105987,0.000271833,0.000130283,0.000047841,0.000035974,94376,yes
family-g2-h4-a3-b1,finite-family,1,4,5,2,4,120,optimal_bounded,4,optimal_bounded,4,6,2,54,1428,3,5,48,96,96,52,0.000105156,0.000208480,0.000128931,0.000009124,0.000026830,94376,yes
family-g2-h4-a3-b2,finite-family,1,4,5,2,4,120,optimal_bounded,5,optimal_bounded,5,6,2,54,1428,3,5,48,96,96,52,0.000105737,0.000226917,0.000131555,0.000008412,0.000027210,94376,yes
family-g2-h4-a3-b3,finite-family,1,4,5,2,4,120,optimal_bounded,6,optimal_bounded,6,6,2,54,1428,3,5,48,96,96,52,0.000127729,0.000201139,0.000127339,0.000008592,0.000027200,94376,yes
family-g3-h0-a0-b0,finite-family,1,4,5,3,0,32,safe_bounded,,safe_bounded,,1,0,8,709,0,1,0,0,0,0,0.000028763,0.000055983,0.000039619,0.000002514,0.000017125,94376,yes
family-g3-h0-a0-b1,finite-family,1,4,5,3,0,32,safe_bounded,,safe_bounded,,1,0,8,709,0,1,0,0,0,0,0.000027410,0.000054460,0.000036545,0.000002403,0.000017176,94376,yes
family-g3-h0-a0-b2,finite-family,1,4,5,3,0,32,safe_bounded,,safe_bounded,,1,0,8,709,0,1,0,0,0,0,0.000028532,0.000054190,0.000036655,0.000002224,0.000017516,94376,yes
family-g3-h0-a0-b3,finite-family,1,4,5,3,0,32,safe_bounded,,safe_bounded,,1,0,8,709,0,1,0,0,0,0,0.000029494,0.000055042,0.000041051,0.000002544,0.000018417,94376,yes
family-g3-h0-a1-b0,finite-family,1,4,5,3,0,32,safe_bounded,,safe_bounded,,1,0,8,709,0,1,0,0,0,0,0.000029153,0.000055352,0.000038137,0.000002383,0.000018518,94376,yes
family-g3-h0-a1-b1,finite-family,1,4,5,3,0,32,safe_bounded,,safe_bounded,,1,0,8,709,0,1,0,0,0,0,0.000027892,0.000049624,0.000035202,0.000002223,0.000016845,94376,yes
family-g3-h0-a1-b2,finite-family,1,4,5,3,0,32,safe_bounded,,safe_bounded,,1,0,8,709,0,1,0,0,0,0,0.000026859,0.000049283,0.000035002,0.000002143,0.000015843,94376,yes
family-g3-h0-a1-b3,finite-family,1,4,5,3,0,32,safe_bounded,,safe_bounded,,1,0,8,709,0,1,0,0,0,0,0.000027050,0.000141359,0.000037586,0.000002303,0.000017787,94376,yes
family-g3-h0-a2-b0,finite-family,1,4,5,3,0,32,safe_bounded,,safe_bounded,,1,0,8,709,0,1,0,0,0,0,0.000028101,0.000049884,0.000038317,0.000002343,0.000016625,94376,yes
family-g3-h0-a2-b1,finite-family,1,4,5,3,0,32,safe_bounded,,safe_bounded,,1,0,8,709,0,1,0,0,0,0,0.000027591,0.000047811,0.000037856,0.000002735,0.000016474,94376,yes
family-g3-h0-a2-b2,finite-family,1,4,5,3,0,32,safe_bounded,,safe_bounded,,1,0,8,709,0,1,0,0,0,0,0.000028462,0.000109943,0.000037405,0.000002404,0.000016975,94376,yes
family-g3-h0-a2-b3,finite-family,1,4,5,3,0,32,safe_bounded,,safe_bounded,,1,0,8,709,0,1,0,0,0,0,0.000026510,0.000050055,0.000034030,0.000002173,0.000016084,94376,yes
family-g3-h0-a3-b0,finite-family,1,4,5,3,0,32,safe_bounded,,safe_bounded,,1,0,8,709,0,1,0,0,0,0,0.000069523,0.000047080,0.000063234,0.000002394,0.000017556,94376,yes
family-g3-h0-a3-b1,finite-family,1,4,5,3,0,32,safe_bounded,,safe_bounded,,1,0,8,709,0,1,0,0,0,0,0.000029974,0.000051647,0.000043955,0.000002423,0.000018758,94376,yes
family-g3-h0-a3-b2,finite-family,1,4,5,3,0,32,safe_bounded,,safe_bounded,,1,0,8,709,0,1,0,0,0,0,0.000031106,0.000077285,0.000043524,0.000002414,0.000018126,94376,yes
family-g3-h0-a3-b3,finite-family,1,4,5,3,0,32,safe_bounded,,safe_bounded,,1,0,8,709,0,1,0,0,0,0,0.000028111,0.000054971,0.000039549,0.000002424,0.000017676,94376,yes
family-g3-h1-a0-b0,finite-family,1,4,5,3,1,64,optimal_bounded,9,optimal_bounded,9,4,1,18,896,2,4,17,34,34,10,0.000052768,0.000115201,0.000091065,0.000007641,0.000024336,94376,yes
family-g3-h1-a0-b1,finite-family,1,4,5,3,1,64,optimal_bounded,9,optimal_bounded,9,4,1,18,896,2,4,17,34,34,10,0.000052377,0.000114469,0.000069473,0.000006810,0.000023725,94376,yes
family-g3-h1-a0-b2,finite-family,1,4,5,3,1,64,optimal_bounded,9,optimal_bounded,9,4,1,18,896,2,4,17,34,34,10,0.000054971,0.000150433,0.000136482,0.000007051,0.000025818,94376,yes
family-g3-h1-a0-b3,finite-family,1,4,5,3,1,64,optimal_bounded,9,optimal_bounded,9,4,1,18,896,2,4,17,34,34,10,0.000051587,0.000110354,0.000069203,0.000006660,0.000022774,94376,yes
family-g3-h1-a1-b0,finite-family,1,4,5,3,1,64,optimal_bounded,9,optimal_bounded,9,4,1,18,896,2,4,17,34,34,10,0.000051446,0.000146437,0.000069042,0.000006269,0.000023055,94376,yes
family-g3-h1-a1-b1,finite-family,1,4,5,3,1,64,optimal_bounded,9,optimal_bounded,9,4,1,18,896,2,4,17,34,34,10,0.000050244,0.000111004,0.000067240,0.000006139,0.000022002,94376,yes
family-g3-h1-a1-b2,finite-family,1,4,5,3,1,64,optimal_bounded,9,optimal_bounded,9,4,1,18,896,2,4,17,34,34,10,0.000052618,0.000117774,0.000075682,0.000006460,0.000023675,94376,yes
family-g3-h1-a1-b3,finite-family,1,4,5,3,1,64,optimal_bounded,9,optimal_bounded,9,4,1,18,896,2,4,17,34,34,10,0.000055732,0.000126268,0.000077305,0.000007371,0.000026249,94376,yes
family-g3-h1-a2-b0,finite-family,1,4,5,3,1,64,optimal_bounded,9,optimal_bounded,9,4,1,18,896,2,4,17,34,34,10,0.000051436,0.000113519,0.000069563,0.000006920,0.000023666,94376,yes
family-g3-h1-a2-b1,finite-family,1,4,5,3,1,64,optimal_bounded,9,optimal_bounded,9,4,1,18,896,2,4,17,34,34,10,0.000053259,0.000132437,0.000123283,0.000006760,0.000024706,94376,yes
family-g3-h1-a2-b2,finite-family,1,4,5,3,1,64,optimal_bounded,9,optimal_bounded,9,4,1,18,896,2,4,17,34,34,10,0.000050736,0.000111906,0.000069002,0.000006700,0.000023285,94376,yes
family-g3-h1-a2-b3,finite-family,1,4,5,3,1,64,optimal_bounded,9,optimal_bounded,9,4,1,18,896,2,4,17,34,34,10,0.000055883,0.000133709,0.000080659,0.000008222,0.000029263,94376,yes
family-g3-h1-a3-b0,finite-family,1,4,5,3,1,64,optimal_bounded,9,optimal_bounded,9,4,1,18,896,2,4,17,34,34,10,0.000053159,0.000119197,0.000070806,0.000006780,0.000024527,94376,yes
family-g3-h1-a3-b1,finite-family,1,4,5,3,1,64,optimal_bounded,9,optimal_bounded,9,4,1,18,896,2,4,17,34,34,10,0.000054040,0.000148791,0.000080710,0.000006770,0.000025187,94376,yes
family-g3-h1-a3-b2,finite-family,1,4,5,3,1,64,optimal_bounded,9,optimal_bounded,9,4,1,18,896,2,4,17,34,34,10,0.000050054,0.000110504,0.000068622,0.000006210,0.000022924,94376,yes
family-g3-h1-a3-b3,finite-family,1,4,5,3,1,64,optimal_bounded,9,optimal_bounded,9,4,1,18,896,2,4,17,34,34,10,0.002167296,0.000610136,0.000074500,0.000009084,0.000058557,94376,yes
family-g3-h2-a0-b0,finite-family,1,4,5,3,2,96,optimal_bounded,0,optimal_bounded,0,6,2,24,1028,3,5,34,68,68,20,0.000070445,0.000238654,0.000104946,0.000009925,0.000029424,94376,yes
family-g3-h2-a0-b1,finite-family,1,4,5,3,2,96,optimal_bounded,1,optimal_bounded,1,6,2,24,1028,3,5,34,68,68,20,0.000072187,0.000168410,0.000191604,0.000009374,0.000030436,94376,yes
family-g3-h2-a0-b2,finite-family,1,4,5,3,2,96,optimal_bounded,2,optimal_bounded,2,6,2,24,1028,3,5,34,68,68,20,0.000066739,0.000235219,0.000096473,0.000009173,0.000027731,94376,yes
family-g3-h2-a0-b3,finite-family,1,4,5,3,2,96,optimal_bounded,3,optimal_bounded,3,6,2,24,1028,3,5,34,68,68,20,0.000070425,0.000183993,0.000103113,0.000009865,0.000030024,94376,yes
family-g3-h2-a1-b0,finite-family,1,4,5,3,2,96,optimal_bounded,1,optimal_bounded,1,6,2,30,1076,3,5,34,68,68,24,0.000073829,0.000166708,0.000508605,0.000009734,0.000030505,94376,yes
family-g3-h2-a1-b1,finite-family,1,4,5,3,2,96,optimal_bounded,2,optimal_bounded,2,6,2,30,1076,3,5,34,68,68,24,0.000072037,0.000276730,0.000103454,0.000016434,0.000086208,94376,yes
family-g3-h2-a1-b2,finite-family,1,4,5,3,2,96,optimal_bounded,3,optimal_bounded,3,6,2,30,1076,3,5,34,68,68,24,0.000072368,0.000165315,0.000152496,0.000009765,0.000028482,94376,yes
family-g3-h2-a1-b3,finite-family,1,4,5,3,2,96,optimal_bounded,4,optimal_bounded,4,6,2,30,1076,3,5,34,68,68,24,0.000071206,0.000161149,0.000097214,0.000008603,0.000026249,94376,yes
family-g3-h2-a2-b0,finite-family,1,4,5,3,2,96,optimal_bounded,2,optimal_bounded,2,6,2,30,1076,3,5,34,68,68,24,0.000075361,0.000179717,0.000106638,0.000009784,0.000030304,94376,yes
family-g3-h2-a2-b1,finite-family,1,4,5,3,2,96,optimal_bounded,3,optimal_bounded,3,6,2,30,1076,3,5,34,68,68,24,0.000072958,0.000161420,0.000119828,0.000009224,0.000027441,94376,yes
family-g3-h2-a2-b2,finite-family,1,4,5,3,2,96,optimal_bounded,4,optimal_bounded,4,6,2,30,1076,3,5,34,68,68,24,0.000072487,0.000174239,0.000098135,0.000009414,0.000027120,94376,yes
family-g3-h2-a2-b3,finite-family,1,4,5,3,2,96,optimal_bounded,5,optimal_bounded,5,6,2,30,1076,3,5,34,68,68,24,0.000075502,0.000198976,0.000107630,0.000009655,0.000029263,94376,yes
family-g3-h2-a3-b0,finite-family,1,4,5,3,2,96,optimal_bounded,3,optimal_bounded,3,6,2,30,1076,3,5,34,68,68,24,0.000073589,0.000429317,0.000104996,0.000009535,0.000029293,94376,yes
family-g3-h2-a3-b1,finite-family,1,4,5,3,2,96,optimal_bounded,4,optimal_bounded,4,6,2,30,1076,3,5,34,68,68,24,0.000074000,0.000242259,0.000107520,0.000009234,0.000029223,94376,yes
family-g3-h2-a3-b2,finite-family,1,4,5,3,2,96,optimal_bounded,5,optimal_bounded,5,6,2,30,1076,3,5,34,68,68,24,0.000072036,0.000162190,0.000097715,0.000008392,0.000026419,94376,yes
family-g3-h2-a3-b3,finite-family,1,4,5,3,2,96,optimal_bounded,6,optimal_bounded,6,6,2,30,1076,3,5,34,68,68,24,0.000070454,0.000165335,0.000104635,0.000008773,0.000026770,94376,yes
family-g3-h3-a0-b0,finite-family,1,4,5,3,3,128,optimal_bounded,0,optimal_bounded,0,7,3,32,1172,5,5,51,102,102,30,0.000082282,0.000215860,0.000120318,0.000009584,0.000028052,94376,yes
family-g3-h3-a0-b1,finite-family,1,4,5,3,3,128,optimal_bounded,1,optimal_bounded,1,7,3,32,1172,5,5,51,102,102,30,0.000219325,0.000217923,0.000229341,0.000011057,0.000034181,94376,yes
family-g3-h3-a0-b2,finite-family,1,4,5,3,3,128,optimal_bounded,2,optimal_bounded,2,7,3,32,1172,5,5,51,102,102,30,0.000113809,0.000215840,0.000122692,0.000010205,0.000029053,94376,yes
family-g3-h3-a0-b3,finite-family,1,4,5,3,3,128,optimal_bounded,3,optimal_bounded,3,7,3,32,1172,5,5,51,102,102,30,0.000082833,0.000218975,0.000119707,0.000009724,0.000028342,94376,yes
family-g3-h3-a1-b0,finite-family,1,4,5,3,3,128,optimal_bounded,0,optimal_bounded,0,7,3,32,1176,4,4,51,102,102,30,0.000082763,0.000380885,0.000123463,0.000009885,0.000028662,94376,yes
family-g3-h3-a1-b1,finite-family,1,4,5,3,3,128,optimal_bounded,1,optimal_bounded,1,7,3,32,1176,4,5,51,102,102,30,0.000085477,0.000256100,0.000131394,0.000010776,0.000031487,94376,yes
family-g3-h3-a1-b2,finite-family,1,4,5,3,3,128,optimal_bounded,2,optimal_bounded,2,7,3,32,1176,4,5,51,102,102,30,0.000085787,0.000288578,0.000122442,0.000010555,0.000029464,94376,yes
family-g3-h3-a1-b3,finite-family,1,4,5,3,3,128,optimal_bounded,3,optimal_bounded,3,7,3,32,1176,4,5,51,102,102,30,0.000080760,0.000207388,0.000145656,0.000009724,0.000028582,94504,yes
family-g3-h3-a2-b0,finite-family,1,4,5,3,3,128,optimal_bounded,0,optimal_bounded,0,7,3,32,1176,4,4,51,102,102,30,0.000106859,0.000240837,0.000196101,0.000012859,0.000029073,94504,yes
family-g3-h3-a2-b1,finite-family,1,4,5,3,3,128,optimal_bounded,1,optimal_bounded,1,7,3,32,1176,4,4,51,102,102,30,0.000081481,0.000217112,0.000118787,0.000009865,0.000026249,94504,yes
family-g3-h3-a2-b2,finite-family,1,4,5,3,3,128,optimal_bounded,2,optimal_bounded,2,7,3,32,1176,4,5,51,102,102,30,0.000084956,0.000230061,0.000187869,0.000009765,0.000029774,94504,yes
family-g3-h3-a2-b3,finite-family,1,4,5,3,3,128,optimal_bounded,3,optimal_bounded,3,7,3,32,1176,4,5,51,102,102,30,0.000081791,0.000288859,0.000122692,0.000010296,0.000029103,94504,yes
family-g3-h3-a3-b0,finite-family,1,4,5,3,3,128,optimal_bounded,0,optimal_bounded,0,7,3,32,1176,4,4,51,102,102,30,0.000102922,0.000213868,0.000121810,0.000009444,0.000026029,94504,yes
family-g3-h3-a3-b1,finite-family,1,4,5,3,3,128,optimal_bounded,1,optimal_bounded,1,7,3,32,1176,4,4,51,102,102,30,0.000109263,0.000223391,0.000195410,0.000010796,0.000029794,94504,yes
family-g3-h3-a3-b2,finite-family,1,4,5,3,3,128,optimal_bounded,2,optimal_bounded,2,7,3,32,1176,4,4,51,102,102,30,0.000082332,0.000213827,0.000122201,0.000010165,0.000027661,94504,yes
family-g3-h3-a3-b3,finite-family,1,4,5,3,3,128,optimal_bounded,3,optimal_bounded,3,7,3,32,1176,4,5,51,102,102,30,0.000084154,0.000216011,0.000123994,0.000010065,0.000029694,94504,yes
family-g3-h4-a0-b0,finite-family,1,4,5,3,4,160,optimal_bounded,0,optimal_bounded,0,7,3,40,1316,5,5,68,136,136,40,0.000098045,0.000356238,0.000147840,0.000009955,0.000029133,94504,yes
family-g3-h4-a0-b1,finite-family,1,4,5,3,4,160,optimal_bounded,1,optimal_bounded,1,7,3,40,1316,5,5,68,136,136,40,0.000096473,0.000293746,0.000151284,0.000009865,0.000028793,94504,yes
family-g3-h4-a0-b2,finite-family,1,4,5,3,4,160,optimal_bounded,2,optimal_bounded,2,7,3,40,1316,5,5,68,136,136,40,0.000097524,0.000360775,0.000148029,0.000010065,0.000028542,94504,yes
family-g3-h4-a0-b3,finite-family,1,4,5,3,4,160,optimal_bounded,3,optimal_bounded,3,7,3,40,1316,5,5,68,136,136,40,0.000096072,0.000255939,0.000171514,0.000009324,0.000028443,94504,yes
family-g3-h4-a1-b0,finite-family,1,4,5,3,4,160,optimal_bounded,0,optimal_bounded,0,7,3,40,1320,4,4,68,136,136,40,0.000144264,0.000259695,0.000149863,0.000013700,0.000032438,94504,yes
family-g3-h4-a1-b1,finite-family,1,4,5,3,4,160,optimal_bounded,1,optimal_bounded,1,7,3,40,1320,4,5,68,136,136,40,0.000100159,0.000269590,0.000148791,0.000041372,0.000031697,94504,yes
family-g3-h4-a1-b2,finite-family,1,4,5,3,4,160,optimal_bounded,2,optimal_bounded,2,7,3,40,1320,4,5,68,136,136,40,0.000098136,0.000328607,0.000150624,0.000010115,0.000028462,94504,yes
family-g3-h4-a1-b3,finite-family,1,4,5,3,4,160,optimal_bounded,3,optimal_bounded,3,7,3,40,1320,4,5,68,136,136,40,0.000097906,0.000368487,0.000148490,0.000009674,0.000027792,94504,yes
family-g3-h4-a2-b0,finite-family,1,4,5,3,4,160,optimal_bounded,0,optimal_bounded,0,7,3,40,1320,4,4,68,136,136,40,0.000097605,0.000260206,0.000153207,0.000010125,0.000027851,94504,yes
family-g3-h4-a2-b1,finite-family,1,4,5,3,4,160,optimal_bounded,1,optimal_bounded,1,7,3,40,1320,4,4,68,136,136,40,0.000097725,0.000270722,0.000149451,0.000010145,0.000027240,94504,yes
family-g3-h4-a2-b2,finite-family,1,4,5,3,4,160,optimal_bounded,2,optimal_bounded,2,7,3,40,1320,4,5,68,136,136,40,0.000096142,0.000274938,0.000144855,0.000009554,0.000029033,94504,yes
family-g3-h4-a2-b3,finite-family,1,4,5,3,4,160,optimal_bounded,3,optimal_bounded,3,7,3,40,1320,4,5,68,136,136,40,0.000102552,0.000282850,0.000208379,0.000009564,0.000028933,94504,yes
family-g3-h4-a3-b0,finite-family,1,4,5,3,4,160,optimal_bounded,0,optimal_bounded,0,7,3,40,1320,4,4,68,136,136,40,0.000096433,0.000252625,0.000178575,0.000009404,0.000026249,94504,yes
family-g3-h4-a3-b1,finite-family,1,4,5,3,4,160,optimal_bounded,1,optimal_bounded,1,7,3,40,1320,4,4,68,136,136,40,0.000134860,0.000250431,0.000207538,0.000010115,0.000028933,94504,yes
family-g3-h4-a3-b2,finite-family,1,4,5,3,4,160,optimal_bounded,2,optimal_bounded,2,7,3,40,1320,4,4,68,136,136,40,0.000097825,0.000256781,0.000147569,0.000009334,0.000027100,94504,yes
family-g3-h4-a3-b3,finite-family,1,4,5,3,4,160,optimal_bounded,3,optimal_bounded,3,7,3,40,1320,4,5,68,136,136,40,0.000096323,0.000252394,0.000144865,0.000009054,0.000027240,94504,yes
