id,group,source_phase,bits,locations,edges,gas,steps,theoretical_dense_cells,status,cost,witness_gas,frontier_rows,frontier_points,max_frontier_width,frontier_candidates,certificate_bytes,dense_evidence,dense_status,dense_cost,dense_cells,dense_certificate_bytes,oracle_status,oracle_cost,oracle_prefixes,oracle_error_traces,producer_cpu_s,checker_cpu_s,dense_producer_cpu_s,dense_checker_cpu_s,oracle_cpu_s,peak_rss_kib,agreement
tradeoff-8,linear-width-worst-case,,1,9,16,8,8,1458,optimal_bounded,0,8,162,330,9,480,5202,current-independent-dense-checker,optimal_bounded,0,1458,4425,optimal_bounded,0,511,256,0.002841080,0.001325682,0.006053160,0.004955704,0.000449746,94128,yes
tradeoff-16,linear-width-worst-case,,1,17,32,16,16,9826,optimal_bounded,0,16,578,1938,17,3264,21389,current-independent-dense-checker,optimal_bounded,0,9826,14332,optimal_bounded,0,131071,65536,0.019165833,0.007948551,0.059986292,0.029087833,0.202349422,98864,yes
tradeoff-24,linear-width-worst-case,,1,25,48,24,24,31250,optimal_bounded,0,24,1250,5850,25,10400,56685,current-independent-dense-checker,optimal_bounded,0,31250,29492,unknown,,200000,99992,0.035693816,0.017507164,0.199165034,0.090670260,0.298317389,104088,yes
tradeoff-32,linear-width-worst-case,,1,33,64,32,32,71874,optimal_bounded,0,32,2178,13090,33,23936,119245,current-independent-dense-checker,optimal_bounded,0,71874,50028,unknown,,200000,99988,0.087993462,0.033038460,0.512809009,0.218108740,0.305627001,107728,yes
dominated-8,exponential-traces-collapsed,,1,9,16,8,8,1458,optimal_bounded,0,0,162,90,1,144,3763,current-independent-dense-checker,optimal_bounded,0,1458,4426,optimal_bounded,0,511,256,0.001640654,0.000967352,0.005824772,0.003745140,0.000487508,107728,yes
dominated-16,exponential-traces-collapsed,,1,17,32,16,16,9826,optimal_bounded,0,0,578,306,1,544,11261,current-independent-dense-checker,optimal_bounded,0,9826,14333,optimal_bounded,0,131071,65536,0.010217866,0.003170829,0.048229376,0.064068180,0.153461693,107728,yes
dominated-24,exponential-traces-collapsed,,1,25,48,24,24,31250,optimal_bounded,0,0,1250,650,1,1200,22765,current-independent-dense-checker,optimal_bounded,0,31250,29493,unknown,,200000,99992,0.029853838,0.006381347,0.195866465,0.085792493,0.291601505,107728,yes
dominated-32,exponential-traces-collapsed,,1,33,64,32,32,71874,optimal_bounded,0,0,2178,1122,1,2112,38237,current-independent-dense-checker,optimal_bounded,0,71874,50029,unknown,,200000,99988,0.067206333,0.012076639,0.496067633,0.194178328,0.292041508,107728,yes
single-32-g1000000,large-gas-single-frontier,,1,33,32,1000000,32,2178002178,optimal_bounded,93,32,2178,1122,1,1056,37126,current-dense-producer-unknown,unknown,,,,optimal_bounded,93,33,1,0.035146566,0.008604430,0.000010985,,0.000060585,107728,yes
single-64-g1000000,large-gas-single-frontier,,1,65,64,1000000,64,8450008450,optimal_bounded,190,64,8450,4290,1,4160,142567,current-dense-producer-unknown,unknown,,,,optimal_bounded,190,65,1,0.300788954,0.033429831,0.000012371,,0.000150746,107728,yes
single-96-g1000000,large-gas-single-frontier,,1,97,96,1000000,96,18818018818,optimal_bounded,286,96,18818,9506,1,9312,317955,current-dense-producer-unknown,unknown,,,,optimal_bounded,286,97,1,0.806253721,0.110093047,0.000016052,,0.000297884,107728,yes
single-127-g1000000,large-gas-single-frontier,,1,128,127,1000000,127,32768032768,optimal_bounded,378,127,32768,16512,1,16256,568932,current-dense-producer-unknown,unknown,,,,optimal_bounded,378,128,1,1.883886648,0.146129301,0.000014423,,0.000487445,112904,yes
mixed-havoc-frontier,mixed-semantics,,3,4,6,3,4,640,optimal_bounded,1,2,160,170,3,280,3357,current-independent-dense-checker,optimal_bounded,1,640,3589,optimal_bounded,1,136,38,0.001120625,0.001076316,0.001951897,0.001946826,0.000176917,112904,yes
safe-large-gas,large-gas-safe,,1,2,1,1000000,128,516000516,safe_bounded,,,516,258,1,0,7804,current-dense-producer-unknown,unknown,,,,safe_bounded,,129,0,0.001196605,0.001501792,0.000007353,,0.000082009,112904,yes
