gas,steps,initial,cases,optimal_bounded,safe_bounded,frontier_points,candidate_pairs,oracle_prefixes
0,0,0,1177,0,1177,2354,0,1177
0,0,01,1177,0,1177,2354,0,2354
0,0,1,1177,0,1177,2354,0,1177
0,1,0,1177,356,821,5420,1536,1945
0,1,01,1177,510,667,5420,1536,3890
0,1,1,1177,356,821,5420,1536,1945
0,2,0,1177,372,805,8518,3328,2355
0,2,01,1177,510,667,8518,3328,4710
0,2,1,1177,372,805,8518,3328,2355
0,3,0,1177,372,805,11616,5136,2817
0,3,01,1177,510,667,11616,5136,5634
0,3,1,1177,372,805,11616,5136,2817
1,0,0,1177,0,1177,2354,0,1177
1,0,01,1177,0,1177,2354,0,2354
1,0,1,1177,0,1177,2354,0,1177
1,1,0,1177,648,529,6036,1536,2713
1,1,01,1177,876,301,6036,1536,5426
1,1,1,1177,648,529,6036,1536,2713
1,2,0,1177,696,481,9814,3584,3379
1,2,01,1177,876,301,9814,3584,6758
1,2,1,1177,696,481,9814,3584,3379
1,3,0,1177,696,481,13592,5680,4033
1,3,01,1177,876,301,13592,5680,8066
1,3,1,1177,696,481,13592,5680,4033
2,0,0,1177,0,1177,2354,0,1177
2,0,01,1177,0,1177,2354,0,2354
2,0,1,1177,0,1177,2354,0,1177
2,1,0,1177,648,529,6036,1536,2713
2,1,01,1177,876,301,6036,1536,5426
2,1,1,1177,648,529,6036,1536,2713
2,2,0,1177,712,465,9846,3584,3789
2,2,01,1177,876,301,9846,3584,7578
2,2,1,1177,712,465,9846,3584,3789
2,3,0,1177,712,465,13656,5696,4635
2,3,01,1177,876,301,13656,5696,9270
2,3,1,1177,712,465,13656,5696,4635
